{"0": [-0.1170047233736059, 0.4668675307086373, 1265.6613077211798, 592.0729221856868, 4.89972605176749, [215.83075613091444, 139.4330559038424, 3.364176749134664]], "1": [-0.41892655010561575, 0.3477461764402745, 250.22432725307738, 642.2561158520083, 1.5335037777937799, [120.53935024606591, 85.73255172487855, 191.3305824135986]], "2": [0.21570602592712085, -0.3981787663849148, 261.48752746928227, 638.2176308359919, 4.471410405185022, [166.17116594991856, 0.3236536868756351, 230.0430018294805]], "3": [-0.24799443745203287, -0.39952635355875554, 170.0980397102906, 353.5191963141912, 1.4983793572736408, [82.86375057632677, 141.38978682352538, 47.490387994869444]], "4": [-0.4653328872381117, 0.4425706865087419, 978.4680454105492, 519.288682543099, 3.1787724542959928, [102.90909521200739, 168.16592446250627, 217.22295835948594]], "5": [0.030774315535226804, -0.3285864037563556, 3.2935456840589694, 17.26424490240621, 4.596153919242481, [29.584434089535506, 1.0622758446003744, 199.33013425457403]], "6": [0.145494563543775, 0.048765990926683656, 1325.915736451061, 785.0406174996782, 0.3496212294836304, [56.224909582162525, 203.86840664903488, 129.70908054438138]], "7": [0.34272833633142663, 0.4590537975235679, 322.6518896177312, 724.3260719014687, 0.8947604615234772, [26.34239895684675, 221.19891474021225, 0.3456058480906693]], "8": [-0.2694631075646531, 0.06683322894661337, 1147.4771724543252, 177.6910288191223, 4.231035816342535, [239.9016350788588, 12.579380345582148, 208.3382745530894]], "9": [0.37157520736351046, 0.1254907340269873, 449.2080028142019, 547.7967940693648, 3.911200838963494, [139.82340343142448, 138.72080379301497, 56.462665472107574]], "10": [0.21475442253548027, 0.1495777935781304, 687.4150835548381, 786.2497671722105, 3.8924236523348776, [108.7459702531058, 157.79427164771403, 49.23416982616205]], "11": [0.210741747610249, -0.31870873089838325, 16.154775922563474, 6.256712136841003, 2.8534986724907445, [35.60637195630245, 50.62855783745698, 75.27229106183975]], "12": [0.3768971406160947, -0.24819944641178726, 463.65151676154716, 594.0315861337148, 3.810930274897683, [223.2332935514299, 237.3596406871463, 138.96350475085893]], "13": [-0.3371306018967821, 0.0537052511493038, 1141.1758778853675, 383.21299353595333, 1.3441027543248685, [156.78244502552985, 56.60271281912745, 164.90553260584824]], "14": [0.14196442793034114, -0.34776454855061767, 814.8466741303706, 424.7050668404184, 4.166894212849359, [248.81538497069235, 200.82478898789773, 88.60152070779753]], "15": [-0.4175385502904948, -0.20218377718264802, 1039.6481506353355, 401.75226324803776, 0.8221862341786496, [53.0674054936423, 100.91453179788147, 116.49761940528803]], "16": [-0.39123961170662036, -0.06774089859443866, 704.5095050892332, 153.06150405531974, 1.7953940724754769, [49.03149014831557, 135.84873256507035, 230.7181917870167]], "17": [-0.48668886261998356, -0.31372818514133916, 198.74007329818176, 166.86664435398671, 3.189601100504717, [129.46765083774156, 24.84370105942557, 62.64974665172017]], "18": [0.23821934811681067, -0.18625064712595152, 879.9783429145733, 267.90847351251585, 0.13833246588987824, [192.66337760734058, 158.5406468214489, 73.49948842482013]], "19": [-0.05220898287547571, 0.3578137088988177, 1290.5590667946708, 40.42505176628586, 4.899046371281287, [25.00753787638336, 243.52160532934766, 243.65063700529635]], "20": [0.1460581409109566, -0.10642703667250908, 639.4250292573956, 796.9795322742721, 2.534818105196183, [253.60174305374574, 77.82429335261357, 46.14639941764357]], "21": [0.39137740518294784, 0.08667136549834975, 425.58607375234305, 603.250188035435, 2.364016489945468, [54.19278725386575, 52.1312924248113, 236.0580636505289]], "22": [-0.37461882450883566, 0.19165940405001147, 143.30542296267924, 765.3938981792076, 4.977936546369599, [242.511785818647, 69.95220897299066, 64.12687029565083]], "23": [-0.4792557202827846, -0.44064292416616246, 1191.0484051620074, 772.8687234328162, 3.6628707899244612, [174.37110834678452, 120.71935203504789, 59.226234372200274]], "24": [-0.03071730490821667, -0.13451960530673035, 1397.1991176285537, 762.4784187038454, 3.6869214195978177, [114.461839784387, 253.86526434582527, 211.98385557007833]], "25": [0.2603070354550874, -0.36543028214659645, 692.316504815619, 672.82917771944, 1.2245026054220882, [22.79676838802318, 171.31046255623895, 254.6275668444515]], "26": [0.17010099070135043, 0.2885461447617609, 1436.3428503852997, 748.3322223229538, 0.500505712574475, [83.7748954726406, 86.98783673628137, 38.13469077973365]]}