{"0": [0.1735554784703428, 0.01679259813923417, 861.9295900813075, 35.13996488648292, 1.2407236654776894, [143.56608597595897, 151.16654182629497, 170.06191725440368]], "1": [0.4581890982044835, -0.2546108284072227, 751.5837638990729, 426.8584668195836, 4.547848741254226, [187.0009653957003, 230.70910965846497, 169.80115251643014]], "2": [0.4916391802642732, -0.2077610015809126, 821.0188342646098, 656.2143311319503, 1.1884708002936577, [144.2630387841278, 31.619290207468847, 108.98318713145298]], "3": [0.06669540776430971, 0.02940765383715338, 1329.984828591728, 446.03621623883464, 4.1872752663083554, [38.97814846720468, 105.6749835314835, 65.7869094060577]], "4": [0.36788075782928686, 0.06173535793770735, 270.3555471906354, 438.97650007399864, 2.1190995644737147, [202.94041626877623, 253.88011733289414, 229.27797088395363]], "5": [-0.4654733779087519, 0.02573871373000791, 392.0384200634154, 353.6565055323403, 2.313249709413245, [135.86430525116458, 44.597274559655226, 179.1653224042198]], "6": [0.32760079538038944, 0.4242768304069565, 1024.0193465217174, 528.2951592737377, 1.1378818950475, [103.70843520155643, 93.3574222904058, 117.37420455617189]], "7": [0.4777879101815794, -0.01792335392220956, 538.6668350545526, 680.0734551113483, 2.137175674888348, [133.16340546489562, 199.47972362038067, 76.81776308303608]], "8": [-0.4281936476890965, 0.4227698800445594, 302.7255163440685, 398.8247656609174, 2.0890963265926676, [156.9166102595161, 60.7481567460277, 93.52840388198544]], "9": [0.3086310212823766, -0.22655464630293287, 194.21072508667027, 490.516433148498, 3.212842529768281, [178.58721444451032, 63.53847584404644, 111.36748624128714]], "10": [0.27699082264807606, -0.21418693058168958, 1070.0110536707818, 209.28813375255305, 0.9025557268273054, [24.82101231208044, 245.30659294245442, 99.01423410374206]], "11": [-0.13350868860827914, -0.3666379679911964, 941.716693095382, 7.554602771939312, 1.658357509654404, [67.6618288581609, 8.687422590506587, 81.40759220219478]], "12": [0.27118787142915957, 0.14366949601502854, 363.71052746641504, 651.0790604981214, 4.663092823654154, [93.45550089885796, 182.15064780295344, 16.535889405853027]], "13": [-0.21961612926611496, 0.36686369430356436, 895.8376576187553, 611.0153774167457, 2.3703259717143768, [185.14796461712018, 155.0230716732809, 133.94345060687436]], "14": [0.1534524841438234, 0.18622935910581173, 860.0964923960443, 337.5033747434104, 3.0246497839800552, [151.38310823635854, 106.63866086864084, 76.65688396162204]], "15": [0.025882183892288357, -0.2464920202554861, 212.038674421353, 538.410074976532, 3.6974449259217335, [30.628072000042412, 20.904717220558567, 36.68074777981782]], "16": [-0.2767792277676472, -0.1263887883535778, 867.5751354438552, 790.4170738176246, 2.718328386971006, [129.08749515939172, 99.69084058817013, 159.9283269551033]], "17": [0.42468066699861395, -0.32065981991544756, 1281.2566939790188, 345.43161585637625, 0.3913655422534146, [246.43464628437454, 71.35699249934336, 118.2784399799574]], "18": [-0.29501096168675434, 0.043724746003901194, 847.9387495343091, 711.6125872364904, 1.3760057300850714, [134.9135402432948, 200.84091628611188, 128.27808530649233]], "19": [-0.1617722427727898, -0.10047431109197558, 1416.4303086455432, 748.3140887579849, 1.4993486747952973, [164.17024004553886, 180.70478627443882, 185.59081800789605]], "20": [0.25744429378532363, 0.3159027319260973, 385.01914106541244, 618.7830285685658, 3.3981699621566124, [97.18716947357466, 146.8645611838325, 127.88813043882439]], "21": [0.3798820860073787, 0.011361258937875318, 337.04267150632836, 329.58876150682624, 1.7954972334309471, [155.36839628266483, 223.93963850687132, 245.13079420530258]], "22": [0.045884892909603514, -0.4863026810812965, 1396.2218884914003, 416.4433233814088, 1.365331982130864, [145.4719075682052, 160.62728605626128, 93.5045005553171]], "23": [-0.1632984431078881, 0.0914716420340782, 1264.2228470265457, 782.9006002297893, 1.7135520268620468, [230.0420271265777, 229.8381637304794, 123.13441830637572]], "24": [-0.004686975372035107, 0.4011253432133294, 963.8528893572618, 410.1630233442279, 1.6105157073714715, [66.79872246886644, 239.89506555113255, 62.53757835941059]], "25": [-0.04119518128694544, 0.24199185739537388, 1103.9529885184168, 409.00215467680187, 1.1466757365537572, [30.528392573861034, 184.72129411744186, 241.53365071612924]], "26": [0.011045974063963682, -0.2456625463703631, 114.02483321620154, 683.4207954660604, 2.106542336221092, [185.067950370403, 153.50217558853635, 135.56511839603564]], "27": [-0.2400344333832115, -0.28977288326562933, 150.08277814945, 743.1196142652673, 0.5491499319749393, [193.11902167140317, 174.26285497064347, 185.31904282006764]], "28": [-0.21948741867487676, -0.26640100742734196, 1011.7229313872549, 266.9367511526332, 0.2586660918563577, [72.55561905184447, 233.18150045262732, 186.3409708229025]], "29": [0.01876690798546754, -0.13732665663069143, 477.45322897247655, 10.39582601246778, 1.1700554946515158, [64.01874954675738, 34.74917945564545, 6.598024613115512]], "30": [-0.07118663700182015, 0.18077511623410236, 1361.666652192148, 506.8161536639533, 0.49566632920990894, [45.0536073629828, 6.707280761557467, 8.12107601961319]], "31": [-0.06337232142211535, 0.4428619398198167, 674.534437769073, 441.66181409960893, 0.3490446724947055, [10.962988848486715, 50.07037184350904, 201.9585982931046]], "32": [0.20489360331742912, -0.07235853668179981, 1328.8354363857773, 222.34587531357653, 0.28744482683196126, [134.65816535894612, 110.83046320347336, 163.89689929895397]], "33": [-0.4981685595880143, 0.32189472420256504, 448.619603397044, 168.34974693483983, 0.19412051274250053, [224.67090134128708, 80.68839877250515, 179.77625697468216]], "34": [-0.21811534263158017, 0.4726089221434383, 69.73677564011128, 196.7442740371734, 4.815835506397762, [232.3622070979807, 68.33389647752017, 41.679769791335836]], "35": [-0.26583095515902244, -0.2789914419868931, 338.4529405902158, 320.5783949741468, 1.9004001932046122, [87.97236220406431, 25.656384774345742, 54.0640046078759]], "36": [-0.28571262705794187, 0.1253792811803014, 1285.7420253772173, 99.51309167797548, 2.2575396123604157, [19.63558197744725, 7.663841668741856, 176.53865928162716]], "37": [-0.18806143008159515, -0.3426057476549207, 1070.5664191547896, 664.4036774112643, 3.579323329001028, [77.27302249827258, 133.4215144724383, 144.62216316925117]], "38": [0.1738240525741539, -0.1797900402677548, 1271.3133282699118, 378.68802558379775, 2.143298124220376, [24.83117408521496, 170.7594225419993, 74.57869642147577]], "39": [0.2914234303092992, -0.0008551029560064372, 950.8159436318574, 604.2144377341954, 4.983423379579493, [34.172899376670046, 62.35394299910611, 36.62608417393498]], "40": [-0.28281931638642976, 0.02243613304523473, 791.9437439781256, 142.2334162586969, 3.0354772156287195, [174.52521160745113, 72.33765015934136, 211.69718660776115]], "41": [0.19953158469495758, 0.10071080680537148, 82.06711495158513, 208.50654442882552, 2.5708172850797246, [101.54588535137201, 254.47313340302563, 92.77407328638083]], "42": [0.31286096303974664, 0.4306332776629819, 801.0512368747753, 509.8252075004849, 3.0381571105517784, [207.472897620303, 97.31666233473923, 5.194180519985283]], "43": [-0.06971518402307908, 0.06429060487862581, 336.7910873766892, 650.637352872197, 4.833230071335977, [9.584393965126067, 206.36676314867685, 145.7090786533198]], "44": [0.18737372432081034, -0.38934259045816033, 719.2235657591393, 448.31972420194114, 3.223287182082424, [146.59477421021586, 229.69935392900223, 187.59002126130633]], "45": [-0.0703601134653965, 0.12926599114093462, 1018.5057613816394, 697.3941906861104, 2.0664467687676105, [81.74682474095404, 21.46143268131838, 222.52025662607704]], "46": [-0.2715818863060617, 0.19428191785908766, 1268.0585584782157, 198.47434087780903, 4.518359361254924, [96.51623102893262, 158.17382456656225, 128.06050736885533]],