{"0": [0.42144053185189567, 0.4061266521904464, 1061.6492123076243, 3.946911806785103, 4.884648463208318, [209.00749924791208, 184.41921623372122, 63.71838952296797]], "1": [-0.009072312662032012, -0.37113505515925904, 1037.8474188005937, 12.23988855978968, 3.4683228846846563, [146.54897925378646, 168.92786274569113, 247.4267530737612]], "2": [0.30884064734240535, -0.24627040424905533, 1219.8500605051997, 106.1119934498505, 2.863493037979503, [245.60239517354606, 93.20117220059056, 0.33203344492729936]], "3": [-0.38571270205801667, -0.38417245198712513, 1232.4626860467695, 328.0997016780237, 4.595524094519395, [95.3636538652843, 185.56579592094187, 189.01384206372728]], "4": [0.18894767588400396, -0.2745252701841987, 372.33381134915106, 333.3630988392337, 0.8783715567119321, [229.95886112732512, 9.46369276692844, 70.24884873113194]], "5": [-0.18916224936384374, 0.04147842790421663, 1349.9930322324506, 332.7170242970619, 2.1896531643308292, [227.94840935178763, 112.79114159641595, 128.3619534756402]], "6": [-0.07640351119387412, -0.00045021511215104226, 1390.401691519051, 29.76789611573052, 1.4726148752608919, [237.9701497500164, 183.76355277344214, 122.18624617809641]], "7": [-0.45808098191879487, -0.22265657170763897, 1077.2596424648127, 128.7775176517237, 4.218446623458377, [205.70026553693987, 175.1595511059684, 126.01076967218121]], "8": [0.4908752446943079, 0.1990650447269503, 1362.9629890690944, 799.7141812024063, 3.1346778322907527, [173.60356734002306, 253.40181589628432, 226.8315389765159]], "9": [0.1945787347832768, -0.41509833063595003, 793.1200383236159, 512.4608895165727, 4.274900620875919, [135.62846812394662, 220.6703186602001, 184.50499120360368]], "10": [0.16520721368237146, -0.32035195914488457, 1287.579170441156, 153.7349665432476, 1.9674701527299714, [247.39002954936203, 212.63192950130457, 74.7569231274443]], "11": [0.45521446463407444, 0.47324230672583945, 999.8919054776748, 733.2267793221658, 4.811779477790754, [210.83355264414507, 206.2950006849738, 179.6361776728747]], "12": [-0.11524297674774431, -0.1882219675690412, 939.571661418942, 697.7407974402247, 0.47139649879694323, [101.84604158597318, 221.48162357474823, 71.3577197607616]], "13": [0.15836249574598926, 0.10712057577725631, 1425.0826268869976, 232.5664662702109, 0.5693036738838464, [140.79610741266794, 28.487918988213018, 125.28164888036855]], "14": [-0.32464310372625405, -0.3410751474210588, 739.0865578032815, 362.44078957774593, 0.8702183342828168, [119.64689875539611, 139.729750941685, 67.51810344839075]], "15": [0.4855063176852519, -0.023826377086854755, 489.00666736526694, 7.359542811739761, 2.3620949334082857, [204.70685606621106, 14.735322851279374, 44.813747638372284]], "16": [-0.07909125564394859, 0.4796434036808809, 1334.256131086583, 47.75274604334916, 3.20716071463964, [197.30871860933286, 86.69007494235905, 171.9245327132937]], "17": [-0.0051734961937265345, -0.2485950015620323, 1256.1878748452123, 184.56961897928687, 1.2968843610836822, [39.34438127732187, 162.5541374915194, 97.75492582944858]], "18": [0.3029006810038266, -0.1041266177162099, 112.22989495168227, 590.4834305883468, 3.173119567397748, [8.424062010734472, 71.23706891738323, 229.39544746285608]], "19": [0.43381800816686433, -0.23975997056462572, 1394.5239484979518, 615.771903920581, 0.07187281764042486, [155.31022819699757, 247.3255384156989, 55.116074963596304]], "20": [-0.1972332273894314, -0.45062626268481254, 260.4420281602382, 219.18324479101577, 1.12932718602608, [173.29721069257485, 236.59548416592497, 241.89190177039853]], "21": [-0.02782562331034988, 0.2704704496735497, 1422.083969991161, 214.26480853385524, 2.2054164047411637, [59.8714972863257, 61.477816895046075, 42.411982435534895]], "22": [0.34684680716560234, 0.3121178724815231, 1332.9024976188387, 696.061859764019, 1.747372533382225, [70.92827886352484, 125.76105351815096, 132.84659523957006]], "23": [-0.37173476065993416, 0.4755632104665898, 370.5544598236352, 483.9611663465213, 0.17760741696215332, [181.1748126843005, 254.03165087435988, 94.31858831308163]], "24": [0.07902055982998257, 0.07137503003637702, 636.0760906315772, 671.8080590586388, 2.2083534949554107, [129.67837909184647, 73.32183380932447, 67.32706993985649]], "25": [-0.32057115842401873, -0.13536694592461096, 1217.1987891287636, 55.22196308230729, 3.1223461341760004, [185.8943449881376, 227.62204932815598, 113.51897270046823]], "26": [-0.49384518408249933, 0.0035283340246632378, 346.3069413023442, 7.308516999962311, 1.2778914861399286, [194.12694263865922, 127.56979223805484, 18.181900237622294]], "27": [0.09899563820723378, 0.09573597342959661, 157.1352122816589, 21.613989213775486, 1.926344684612058, [145.62121768007856, 84.22690162817221, 247.3765776671396]], "28": [-0.4423014203364427, -0.27762657706718297, 238.9118215126022, 212.59446841183305, 3.6521209639990686, [22.524335317437366, 69.9070836252798, 147.64551955248913]], "29": [-0.19743177084546282, 0.03306304926514081, 712.962488972908, 134.2087046425922, 0.3521807002595473, [119.10941018450488, 172.47614695294573, 81.83918981626887]], "30": [0.08431513129589518, 0.2674816022075204, 467.5648006934785, 189.32984980671455, 2.679177763357463, [66.53567449301441, 126.40260164844575, 122.05276809412592]], "31": [-0.1221087046104875, -0.26068773059391137, 388.87120065491246, 553.6649274005545, 0.10503461788080926, [48.97775207438691, 19.670849349042125, 166.22978476009402]], "32": [0.20371810805205182, -0.26974530210762937, 1226.8430030066359, 383.47450148973553, 3.3898499213302786, [41.61071016186914, 185.19176244494398, 10.690683638889215]], "33": [-0.1952962723202768, -0.002736960931247756, 1105.7308772547046, 795.1641421583139, 0.42872488571070844, [75.86070801319728, 177.77382592365697, 72.13784773951818]], "34": [0.49718492153168126, 0.429755346723267, 811.8201210123102, 397.8176696163591, 2.0405763094370446, [150.18169127812763, 0.30381518642331073, 104.22828498123697]], "35": [0.25285212856216377, -0.12837867139201886, 928.4978819501491, 732.8721879270157, 0.21828993854398793, [97.41029485481455, 157.12094222499093, 187.28407211761925]], "36": [0.3602000544232754, 0.481440109722323, 1081.963242502908, 318.0142504828046, 2.1159980601551327, [146.13679485070185, 56.04110173022726, 116.55182895886108]], "37": [-0.482561555799049, -0.20124922689961067, 989.0140545319908, 695.7935591825288, 0.3391022168468599, [81.15692065148735, 197.1427952501571, 211.42424080045149]], "38": [0.032705086325313326, 0.44935828366960895, 1061.666272630475, 325.8815381496925, 3.2586712194065943, [55.12180152680506, 23.03904293250478, 159.4235146510208]], "39": [0.31257249334667636, 0.14485151715956124, 1438.2948444397541, 668.3025035521803, 4.228919675381499, [13.012828997188546, 162.00479350489894, 44.603694425241]], "40": [0.08217619273718568, -0.06605951555086775, 162.42729844928965, 538.9888124382296, 1.0495934688312913, [150.38034789211196, 192.7833967650849, 211.28727456494076]], "41": [-0.368360636572688, -0.29229361243972063, 310.7922082004651, 144.55787761316125, 1.0483008756821288, [100.27375310949817, 52.85066755482242, 250.10404585135373]], "42": [0.17174670566318273, 0.059776156363127386, 514.4458496901702, 309.9309613001629, 4.771031105082255, [126.90117272184112, 32.41016495080328, 119.24755039150774]], "43": [-0.19161317906417963, 0.07101310907516611, 267.462061717859, 234.59187443599996, 2.7857570270152254, [117.36624309889088, 105.26502173815034, 139.31907773629806]], "44": [0.46645687789793067, 0.20205110879795718, 468.5250851852879, 529.1761981654464, 0.80102643695176, [115.81484805854066, 220.60968196368094, 249.52230655013122]], "45": [-0.32127505216233043, 0.06400625065510845, 1195.9320676253444, 728.5790838168145, 0.14007071705261942, [176.27197099923472, 161.1910035690782, 9.032293167577766]], "46": [0.22258676306417025, 0.2471334372652959, 975.3483044042945, 285.07204763622235, 1.6124343272675556, [155.49237241041524, 100.38576353959287, 233.7725723442662]],