{"0": [0.3368267319253109, -0.3380370484271662, 414.9442593766685, 300.8505438109488, 2.43828021964063, [230.4826981598621, 222.51737715828165, 63.51747386906132]], "1": [0.027107533813235496, -0.36474478599527593, 169.5187720532534, 640.6603421694598, 1.0988524596612448, [102.85273952095112, 235.9411851447516, 10.898528914296392]], "2": [0.41287553118935016, 0.32713219177022856, 493.4055721433994, 106.82010026976113, 0.08747386186099437, [95.39874296420268, 4.278547842060925, 68.77415264313638]], "3": [-0.17677422102002271, 0.22867400090023193, 899.6707058520782, 565.7164276707284, 2.2315193469176355, [222.56029588731238, 66.61317993963398, 245.28530345048148]], "4": [-0.07594044130153998, 0.35109928139448465, 1086.4593468167095, 463.3610270756089, 3.427974296636539, [42.579189572302504, 191.46836686525347, 184.9672263683245]], "5": [-0.2702910218962036, 0.4132783771132693, 760.0587769115492, 569.975585294058, 2.7906680827428603, [98.76946851041923, 79.42322500414316, 219.39859340270894]], "6": [0.17900228640051097, 0.3716789525139709, 600.9171064114785, 20.579237234137793, 0.9720548022987574, [120.83332224553861, 193.19864293984492, 59.33649689813737]], "7": [-0.3966616008404865, -0.36697997523667936, 465.3774017350824, 9.077702883526673, 1.3835020772807498, [90.7839018340965, 174.62705199294462, 175.55568655445717]], "8": [-0.426182233662315, -0.4024883910626298, 1145.4468078349933, 60.73892461682089, 1.6342343945066755, [126.80803458161294, 210.26057595955135, 160.76760297392244]], "9": [0.10444022131651687, 0.4639248163852665, 128.77454939243154, 215.82150322327598, 1.1427364331735173, [227.28381793569696, 127.13873997961842, 14.169061673709905]], "10": [0.3856380111913814, -0.41654857096444275, 1188.6362877908848, 297.5161706372712, 4.42122806945278, [192.6756036310408, 133.53690634647546, 43.173179488214565]], "11": [-0.050090857565075586, -0.49764193696546977, 837.2538308599825, 143.39839214211, 1.2831357132375099, [86.73143303574666, 142.21371455376214, 190.68842500979292]], "12": [-0.027013170161600097, -0.18951335631469823, 230.43373269889437, 283.45218934886526, 3.635785107257248, [252.7141967179704, 239.53012155116792, 158.53625185801081]], "13": [0.4137545563418328, -0.16546115651926252, 672.1446525024901, 56.964897789475174, 4.505418851605249, [206.4168442900335, 104.3718217045429, 214.6372971458968]], "14": [0.24483378722319504, -0.3543751655848646, 1236.047035876912, 252.38502562854129, 4.578704823249006, [73.39505380381006, 150.12127616672134, 209.90204229098256]], "15": [-0.4878825504696226, 0.3665059287690051, 1388.147144778797, 257.87648720182955, 4.877005350439315, [64.08686512201638, 125.95047053250254, 66.99133350522878]], "16": [-0.3635764727194096, 0.2949560256764203, 705.1692562223259, 713.1306844971477, 3.908960011876592, [219.0619839957204, 149.88224991003656, 116.78868688410316]], "17": [-0.21620521472423848, -0.18528261893935072, 785.0378435444982, 786.0166839759194, 0.5084846870808679, [74.26635321529461, 235.21442145256026, 8.412447827252482]], "18": [0.196467496152139, 0.12856791149078473, 760.7838149715267, 580.0461784007072, 0.048752505276530855, [88.41680469864575, 168.90308491980196, 144.17118369998744]], "19": [0.20950284591678514, -0.2450826112967064, 1090.9521257441104, 385.5970442038447, 3.253071833453036, [29.11988791313753, 124.9776102627038, 113.40960520297345]], "20": [0.3236255138251407, -0.4087583606180034, 1237.9730314093679, 137.91573238993945, 2.2540277923447656, [1.095590215978202, 146.53079580621838, 187.20028984803318]], "21": [-0.41795629237031295, -0.24928849978392642, 72.26182475424947, 126.98268165421212, 1.3559338791368647, [245.1257258328153, 46.14414251530086, 192.8288401157544]], "22": [-0.0785069899408688, 0.33410054161013747, 1436.4819866057103, 742.0141567026426, 1.4282879717173018, [203.62835581763593, 86.99361369918479, 35.81655577470599]], "23": [-0.3113072611982709, -0.4625365240806667, 252.81229667630618, 227.77164581331465, 2.884637839854498, [81.150431470327, 147.06132857519697, 14.63968108861574]], "24": [-0.46806031821841476, -0.19394896651554694, 91.80666304255014, 167.72878929495317, 0.8851488597570539, [1.1587686003011133, 203.00253203513518, 169.8207509581543]], "25": [0.029069707789543875, 0.11996296452736721, 466.55174851135445, 598.3499698628398, 0.7897263270355054, [36.587719518515485, 167.57539200756668, 230.51061876000193]], "26": [0.014847627567102895, 0.0905936079434837, 1045.094677205002, 157.9360054294729, 4.219496711086358, [231.56221423371807, 236.25505785787098, 199.39783279482353]]}