{"0": [0.12715766607653867, 0.3774175186484011, 238.84494877906783, 734.6347046995153, 2.6263159572154637, [99.78138353409147, 17.588898897028567, 7.500583812745732]], "1": [-0.12615871977574988, -0.4846540101301463, 80.35650089913014, 729.6871036473779, 1.7459138033895227, [123.35016796336467, 47.42137743179601, 202.4367418337493]], "2": [-0.488619794032761, 0.44798707983226493, 402.42596591635987, 250.51212877804403, 3.2908272069060676, [177.55885329522874, 77.06580307205338, 69.67643722650614]], "3": [-0.04065975872334948, -0.39273419607292614, 1274.247542057113, 768.1594391973999, 1.5343839488054662, [219.90138439777726, 105.56152347258721, 63.89049502310084]], "4": [-0.27881694545551694, -0.11333649508420185, 987.3178882522427, 421.8803995597886, 3.0903508049394883, [217.05650708285611, 21.57377185761204, 139.91189122833126]], "5": [-0.29823635303732354, -0.045337793116144276, 888.3800577815726, 714.3725253857466, 3.0685357700011533, [1.9136299680037299, 243.12469274888699, 203.01842347108027]], "6": [-0.4551231627029866, -0.1812366937562495, 1387.2970889407104, 562.6750053716731, 1.8921237965390185, [74.74776333125314, 27.08567730710133, 236.80851351831112]], "7": [-0.2294008207964171, -0.3313013809996799, 1058.8766680072679, 655.7281649886448, 1.4191874873717332, [171.5213108564869, 57.55500596599632, 38.8790972225316]], "8": [0.15902098095481487, 0.2934010419695219, 316.1463710391807, 795.6644533790245, 3.3273661228441136, [228.2701796737381, 72.18066805410614, 143.48321751257654]], "9": [-0.44312217552868427, 0.2205306839147445, 21.299053262754253, 198.53583791392495, 1.9956848798377629, [76.06066061827921, 77.14529922785222, 180.28148002968507]], "10": [-0.2763236030991322, -0.14812815498536036, 851.6357185854826, 720.8130454426569, 3.3206270173235968, [133.97667845883447, 201.14745950617385, 131.33094745555434]], "11": [0.03032631477126302, -0.21173940094802046, 889.2921650953917, 249.5018073498753, 2.158346336058214, [106.55294415100389, 108.20518663777689, 44.19262577196891]], "12": [0.21929479874028424, -0.022849269390557314, 508.519116636118, 504.07323303590425, 4.7685267419691, [251.9574065249075, 171.75568385517036, 250.22629812169885]], "13": [-0.40527658149194457, 0.3138925593284255, 367.7281100017325, 160.36694194120687, 3.6164639262903977, [229.64306449457976, 166.41936349740524, 244.38910927837227]], "14": [0.14463620794155685, -0.3369592319157718, 608.0323581205885, 58.93868616672471, 4.067798751082364, [5.607520969747774, 36.524678304928706, 152.32526647231484]], "15": [0.11623758425434427, 0.047654801196472585, 1228.4356457371562, 109.26140284819547, 2.2756400804340586, [15.881472541728245, 213.24215646313215, 129.56304571127444]], "16": [-0.10365691599349691, 0.15894078752663165, 635.8140305044649, 14.159752300743467, 1.7791893776842715, [114.01063082505291, 182.03404024381865, 238.56789372956064]], "17": [0.41223668284285186, -0.08863074641883262, 1155.5601210310535, 198.45833615299907, 1.2608017886153255, [62.290347159866826, 11.052836297713721, 67.37790264040254]], "18": [-0.18598573574111554, -0.04506644853030495, 964.0329361947453, 192.84621117731228, 2.9172570951218146, [152.89347631586293, 247.31543341193105, 17.922724320855846]], "19": [-0.14848450494975607, -0.0761597872119768, 233.3479011674996, 741.4568960239767, 2.0091585696066994, [223.94765198472118, 126.4028031116742, 225.6635915495358]], "20": [-0.04909360026092313, -0.1654871574578719, 222.66226757548867, 730.7192458200085, 2.962829894187043, [182.22037186023488, 226.5341706307404, 33.18154327467704]], "21": [0.47999974886725116, -0.44532151674126697, 170.27927709289585, 290.1892160384672, 0.3245436959160686, [17.21149769263791, 119.00101358879441, 218.7136557412565]], "22": [-0.12449425895048849, 0.0005870143706503406, 568.6617901655858, 769.2714246334863, 3.229158093631929, [250.7173241985187, 36.828772165549516, 165.98231358706963]], "23": [0.47074184120261087, -0.05638382110959761, 763.9763190969326, 661.3563507144955, 2.889121630795401, [27.56868381190132, 67.74203608494022, 42.56874627147261]], "24": [0.07851637707748294, -0.4605528232196503, 1175.0234467111611, 144.699020306365, 0.1343180760504592, [161.39624330712456, 38.3539009697396, 81.97059621071665]], "25": [-0.11987948735891474, -0.36043061518296915, 346.2635843517394, 226.0708523391335, 2.2023528481207406, [40.50712850947243, 64.14517126262655, 137.51649524535935]], "26": [-0.4304966472916638, -0.17371858750801217, 1420.7422484846227, 122.03989099483535, 3.662087281215643, [188.81536300190615, 251.1524532811687, 64.37159088234439]]}