{"0": [0.28232269440711266, -0.19849713366437371, 1202.6447352343905, 219.94657594090228, 2.102664473276201, [210.11858096362468, 78.79274892946854, 117.86156737641001]], "1": [0.49781021083999655, 0.4967412462990598, 1341.7407875992235, 402.4926179285506, 1.5556670745888619, [185.75794709027724, 235.97299121165804, 186.38748811517226]], "2": [-0.3470173458252369, 0.267814808390925, 1314.609793193736, 298.0579673027465, 0.9846546875980666, [56.81188142456619, 241.16996077937074, 136.07307489403692]], "3": [0.3331666813597197, -0.019764584420561615, 253.88431969244718, 598.3554625011361, 3.14340423574413, [127.98644243572801, 146.20686827748574, 207.12434351338223]], "4": [0.17747527246920825, -0.4128925185068566, 641.7543677053393, 103.32176304768907, 3.5693866696497722, [83.2727223286846, 129.71162589642583, 12.237408051182115]], "5": [0.13632005721590845, 0.24918656658054428, 324.53419191497363, 187.30846952511016, 2.138123506863467, [230.51922152530304, 142.97414195886248, 45.442623911931456]], "6": [0.470229051311286, 0.13578113069904518, 871.5164631337783, 87.5937435994028, 3.0383497194619653, [103.05077576324848, 94.56233259390403, 177.02548421678966]], "7": [0.2709006851892999, 0.09494040225455613, 114.61806031826795, 388.6462292798909, 2.2831798505609964, [170.40045731305005, 125.19940043023038, 15.985556665889543]], "8": [-0.06370777464271804, -0.2666804632910813, 237.88822997894533, 149.07796278201292, 0.5800700535197945, [124.77021423243812, 3.984808710534122, 241.43804433309603]], "9": [0.09182800867063867, 0.458468224703688, 799.7742026592961, 783.6794594097985, 0.43202370629835396, [165.618624947868, 192.52864067529237, 0.6354323269224998]], "10": [0.007354106315808684, -0.3721124000680073, 376.1319886534309, 438.47514215111937, 3.5223030485079923, [144.03024629498327, 163.4603612480065, 196.29375849329466]], "11": [0.35387888142511637, -0.378976501990703, 569.2149278144758, 316.0941380980541, 2.854733198344974, [250.6945170645923, 202.0429952859804, 157.18608414768053]], "12": [0.29250324648239723, 0.3594746377824649, 505.80688450477516, 143.82019886214997, 2.7489984476918266, [169.2106188812336, 141.59553267457989, 53.18263896111914]], "13": [0.1532908853318704, -0.373394910143235, 271.0754361996912, 640.4429918311254, 1.276417263158195, [250.70890917923546, 30.513559060944306, 133.38267156251314]], "14": [0.4999079746889361, 0.2745226071625362, 637.9829538205894, 213.78898622830062, 1.9567129051738368, [241.9636216985705, 231.79468580880163, 63.42021910148657]], "15": [-0.4659425606566361, 0.06382828802094931, 200.32882439341594, 536.779000279675, 1.4742425777712058, [73.8939041114549, 113.72050913746594, 198.28787873643873]], "16": [0.04379853264660161, 0.15968975899410887, 1196.5706722702103, 602.7053974718789, 4.055119737333342, [113.02415820224647, 192.7533462811829, 167.61471104646205]], "17": [0.39212536043703317, -0.4099948013845647, 660.831952543317, 663.165026197806, 0.04174178188861899, [50.95045890879878, 179.09179715571918, 94.92314932888505]], "18": [-0.4896077195184617, -0.13373324223977556, 815.8920784643941, 51.665277706467094, 0.8739471299431606, [93.0632241031775, 175.00587883198125, 37.07933368661169]], "19": [-0.4931695398092911, -0.1023791448925615, 493.4254437931889, 73.28563534268353, 4.809863975205485, [20.997327610307924, 133.79087032717413, 206.92607889373986]], "20": [0.4405058089226648, 0.2564876534941871, 1086.7539721179744, 721.8656056867127, 0.8794797608052557, [111.17097772456717, 212.86566204130492, 92.17598255013716]], "21": [0.04568644193983096, -0.1126371339717156, 885.5720000155053, 160.87163487549958, 2.286076251751754, [18.910032281531702, 185.75372821631356, 185.47506991944837]], "22": [0.251983629174627, -0.48502666069847544, 940.6613218192813, 146.70074790769468, 3.6478745281058584, [108.84973361661909, 236.66076860139174, 114.48361546728239]], "23": [0.2871359443497249, 0.035001900313807455, 836.3049086371472, 733.1518305418723, 2.4728078754344684, [128.65715290301833, 109.10154675083851, 80.68134995408867]], "24": [-0.4692708480722061, 0.45041140346459707, 44.454656184314665, 12.906234961845797, 0.3615097003282164, [77.84141856611498, 223.08759179057952, 63.84537104867872]], "25": [-0.11929198111033013, -0.015466237673218863, 1435.5322420924128, 35.09821017040436, 0.9898966651577235, [106.24207873279595, 29.947509827603774, 83.7756362943634]], "26": [-0.12938038960080567, -0.20900618288906014, 163.76576850671302, 48.0572866403743, 4.994327633242509, [3.6834638206184636, 117.00944257488776, 237.54351701333593]]}