{"0": [0.20636891743017916, 0.40518858125463864, 1263.6623202393394, 82.41111676263122, 3.6793285340962116, [30.911851904589557, 86.0257051108294, 78.35283613190632]], "1": [0.49174035450453923, 0.005736694203135051, 1366.5931946857954, 488.8774715574567, 4.484206551356996, [32.30224653435478, 14.761861569132563, 130.21810153124852]], "2": [0.34364272770248205, 0.12564356590905368, 808.7925916810188, 564.2996616808219, 0.7618870377789638, [198.83028749364428, 196.01151820597107, 99.2536241590337]], "3": [0.33299725491111043, 0.479893597498099, 1031.7391712642996, 103.17036135182569, 4.348369577628082, [208.7603023885518, 27.672421062417246, 212.44725556416878]], "4": [0.1697670201840299, 0.4101609253367927, 1022.5805887069157, 410.7292589503196, 2.5182843977473013, [223.01725441870656, 49.40608954167251, 13.97863914374826]], "5": [-0.4533899477863055, 0.39403434496869405, 866.3370410954352, 752.0456136318055, 2.7776281769921027, [120.70167608283737, 220.3602309518386, 92.5126380454602]], "6": [0.13026590018669915, -0.3616522974357781, 918.5139194167289, 539.0165464079753, 4.4519293621793965, [146.4915038048455, 174.9167521160191, 194.97059543956178]], "7": [-0.47915657873492534, -0.4712444206728619, 988.6426749957552, 743.7273904608626, 1.0405930771507887, [41.513213948557585, 169.33148505859737, 109.96840927814861]], "8": [0.30001462011023317, -0.27397210545131556, 1218.1499743502425, 353.64474292374604, 4.078072957108613, [5.026655824045676, 56.655268675491214, 88.11596461101294]], "9": [-0.4155467308167079, 0.3396472867196988, 24.046096104234707, 664.5501430543916, 1.0418259848490763, [34.9005444014623, 97.00538027967094, 234.35105089824262]], "10": [0.4820622551179441, 0.11954183325234191, 1240.1254120622593, 174.3495825052925, 1.4299807325310343, [9.980588688041726, 26.432059621548873, 155.31964313047365]], "11": [0.22434010432425444, -0.3583912776220268, 1032.060689277253, 668.8987291105317, 0.35666154102367287, [84.55837504184011, 205.15705192969915, 67.23025831435739]], "12": [0.14397169806304733, 0.20426715562966347, 380.114518254848, 116.43410531455282, 4.344388049197148, [249.56878124079083, 152.48532273108972, 234.86298216229218]], "13": [-0.20981304534601763, -0.2039562178993024, 745.1099304948591, 551.9120139497394, 4.772267080369746, [196.88720217406217, 68.08974299906198, 106.99779994679152]], "14": [0.14280495245714409, -0.23521256141280555, 12.850005591605349, 721.3274099148127, 1.8407699974785197, [166.3717207474226, 33.920473600530094, 61.206813055318605]], "15": [0.07783116089899933, -0.23625644789034517, 849.8762084165735, 541.0027829417899, 1.5932870888319979, [232.56817648953734, 127.45175096065837, 202.1412308767095]], "16": [-0.47429743426596327, -0.2779494901485937, 962.4010427212258, 420.871451049846, 1.7198821463272018, [131.1727381460658, 237.04960742990022, 108.0689919438973]], "17": [0.4328504889273411, 0.06781474684188404, 92.00960748611898, 744.1327590599998, 1.9876473712397225, [26.82444311264456, 58.659227971376346, 101.02325089207307]], "18": [-0.31430216274060796, 0.38612591318770006, 66.70401472595651, 421.21256483684243, 0.4409076382475363, [53.37678957389678, 141.0257273318125, 160.56723293581365]], "19": [0.3793528449946544, -0.32523664750012626, 1025.622131571384, 123.12011845471949, 0.273817209696231, [0.8107209469431104, 82.05215677696798, 84.30239993462366]], "20": [0.061066643720362634, -0.006169133211574307, 133.28913144311852, 517.0621343943805, 4.174925796189583, [101.9077398642646, 162.88401186988088, 166.00793555436]], "21": [-0.1177396639884406, -0.41189800684816713, 614.5384576530874, 742.1233280281172, 0.6414937725615921, [56.02574898734739, 169.09798121267238, 115.04276360916418]], "22": [-0.21136232565260116, 0.3523021550142468, 894.844648743211, 571.5448338706644, 1.5398263069589713, [119.20932958707773, 242.40201441218025, 128.1788893219141]], "23": [-0.47768632217085805, 0.15619796810513265, 371.331648921481, 293.13016776382767, 3.35734334731284, [192.03459237163528, 173.28436872506444, 178.97519622592705]], "24": [0.3595670750302935, -0.09085707520896591, 641.0925761021512, 492.27223109149537, 0.6223120817330791, [80.04322301210888, 174.1772155697128, 241.44432498477494]], "25": [0.02520502907479405, 0.43851564817823907, 1268.6256059524285, 162.2314530576225, 2.4553654508133134, [174.0811735564367, 12.507952187861527, 143.4722127632554]], "26": [-0.34734751272691855, 0.18729872459753416, 44.6961982685754, 117.57769131621023, 3.236669484892449, [76.7515512088727, 78.44047358224549, 192.12113188042176]]}