{"0": [-0.29854959791872715, 0.35126389005229264, 1224.84586871894, 359.34856518183966, 0.042664731971929215, [140.63843426648646, 200.39225413503763, 243.3771595576743]], "1": [-0.0652292136119994, -0.23459069252179088, 1125.2571325728766, 762.6355394357109, 2.0616240475232446, [79.96170455703023, 76.85578502229797, 46.555352329500074]], "2": [0.43930147892391846, 0.4110484659178859, 1080.9625702517899, 662.950531908171, 2.3673739714015776, [38.803297455273054, 234.07622578568177, 223.8417189113161]], "3": [0.252641368622722, -0.09366482058412073, 947.784100203053, 402.0552424901773, 1.0342914208585148, [49.740546464769515, 103.57895883999694, 131.27375619110035]], "4": [-0.4854714253869924, -0.06795627739558241, 68.63254492212269, 628.0337333097851, 4.059299316552953, [243.9338032680904, 123.58168379344126, 131.56308473682247]], "5": [0.11968188835933635, 0.31343469597720464, 782.4767866888195, 769.8683839834504, 2.3401041275367334, [218.1578314753045, 150.78542732792536, 122.27073821460112]], "6": [0.20792628089728715, 0.020046846664719564, 1008.0379436112407, 794.4492852018894, 0.3832996664513466, [66.05421419250595, 110.28375309817315, 123.66207468947545]], "7": [0.35465767929014613, -0.23432837055609146, 577.826266447707, 473.9875225686722, 0.4141042510207549, [112.63694601607126, 221.12241889315825, 66.78269017262924]], "8": [-0.2898903719363958, -0.45342703497259285, 1303.655987472979, 495.39822311916566, 4.440293973268218, [210.22919917011882, 211.10615739563139, 32.52921416236153]], "9": [-0.23577369769688394, 0.02550179993052626, 458.4778307196327, 300.6044037219044, 0.8683798501073875, [244.96131963108323, 184.5720207544076, 53.2525625945924]], "10": [-0.36895808341009206, -0.20739159281429465, 518.7670687619403, 563.8597120096074, 0.053428503408254335, [200.73768030371417, 58.94198427652102, 188.2428889113785]], "11": [-0.4952573815796505, 0.08122680097373425, 748.9323085393524, 169.2308359380629, 3.7325997302630642, [86.23790468326315, 105.29528365042977, 10.8502342513822]], "12": [-0.135972554998797, 0.003958296164636721, 1377.629435674462, 608.967165910876, 2.2152936278702318, [197.28516031187394, 3.961391315805809, 208.824152249436]], "13": [0.00550767103670613, -0.16971858855280098, 666.533170424876, 548.7213990190081, 2.230168727569073, [190.78221098884023, 198.59103629255674, 136.78378822333173]], "14": [-0.266697264871978, 0.15353977668875585, 1264.5962693084487, 583.1922322645908, 0.9472471967480894, [133.11980833648417, 180.0831588191508, 216.3486218251875]], "15": [-0.44842521041424965, 0.06126339844382667, 1361.3455097307371, 683.9105137201275, 4.052826867055741, [165.619170079646, 115.69956375753738, 87.86960198807509]], "16": [0.05556581941813943, 0.14473151461497136, 1194.1540976258232, 658.6876201892017, 3.697233181407876, [35.601343796603295, 115.25663106389264, 252.9098079034956]], "17": [-0.2966180540312584, -0.1566032763565367, 227.41601832476155, 770.7235590939524, 3.571219796414757, [84.99270153441098, 148.6364220194439, 149.23654729690173]], "18": [0.04763963153163808, 0.14896382179126066, 1360.5552504510447, 700.0722724018738, 0.3324877192682374, [104.77660404409664, 116.72715687061427, 23.887982740893303]], "19": [0.4780925130471878, 0.10223025299425503, 1066.85412930013, 382.3120814025324, 3.931991418854782, [96.74200557193883, 245.1967216834898, 231.89716072015213]], "20": [-0.2607149943632646, -0.46019242886944167, 1212.359432782897, 330.851746890305, 3.524501308283426, [169.7075883604859, 103.68378482186087, 235.49435409944886]], "21": [0.2880988019267289, 0.4558342398248336, 250.6067990118858, 468.80007195982455, 4.329265401522694, [247.1559158567215, 35.44281597068113, 166.54099288693638]], "22": [0.11728413897494283, 0.3949739550681005, 494.34178283484937, 783.0497923454404, 3.1476490371535166, [181.41697077962422, 218.98168327534648, 135.49709822671525]], "23": [0.35939846100785733, 0.14318974945147, 1022.7845006433688, 111.29195731159598, 4.596402220511331, [77.32496078131338, 229.4557543326985, 101.95436934686947]], "24": [-0.4379603130145423, 0.09980334192147544, 856.1143784206475, 529.1364592034059, 2.265950245930953, [21.17522087884013, 195.6814881451875, 113.63208054186327]], "25": [-0.23595354801843238, 0.0007532967871667351, 822.1922700948497, 460.8923476133424, 3.1806287183347055, [85.7434085974548, 199.68103066513734, 54.49179239247739]], "26": [-0.3076020600635574, 0.06508180113307072, 484.9124110341038, 462.08716952668914, 0.30918427827119954, [173.91938223644283, 168.32974006958028, 36.27561440875579]]}