{"0": [-0.12138657072543779, 0.3132169675764792, 405.79530317211, 426.14075038484333, 3.0220383933505515, [184.50687181949718, 208.97107668085042, 46.22129310810815]], "1": [-0.1853742061589453, -0.06335438319599718, 1303.5796472947281, 137.4714448501072, 2.954825910147191, [237.40557214782385, 76.03233106769588, 88.09952100927497]], "2": [0.29517941362133004, 0.24953072181853264, 1146.4230835899514, 459.56282635912845, 0.5708009833196392, [241.68097408253996, 114.96194581594334, 74.6695871107452]], "3": [-0.4594073969353507, -0.33069443536738197, 1165.5514868941307, 123.58219764756359, 1.52513401338222, [85.7578856882452, 88.82270809667537, 100.45362318183551]], "4": [0.24576835466321167, -0.09202372247898061, 114.81028503200866, 4.158355156502047, 1.4495785404968036, [236.6089990609663, 60.75880981357145, 81.00945579806364]], "5": [-0.37286347409323506, -0.2792550403478179, 930.2068042064614, 522.3056143701376, 0.0037842214589334233, [48.78306868659158, 4.986428565331574, 220.84294352603916]], "6": [-0.4087818087133126, -0.4063151100183521, 699.6330968619311, 240.33032312044895, 2.509929479206235, [10.090880639209795, 47.300187068054875, 146.19116866678394]], "7": [-0.19982168043355208, 0.31876176393206745, 1412.9214879755796, 473.3898248192247, 0.04850469910718025, [154.9613479074429, 213.93694503311838, 132.80178138440223]], "8": [0.25257994416082696, 0.4008863194877922, 1063.1730176106735, 412.69704097588476, 3.0807969997332094, [58.86934097628722, 247.62101847372213, 98.54071323779813]], "9": [-0.4812580974893822, 0.4383973822681546, 62.012421081881385, 604.5637648561433, 1.6669030702038434, [223.81263632319664, 38.83278200435433, 203.25145728855478]], "10": [0.0003952922304256701, 0.21259447260856956, 1056.7093435909223, 65.45727113833202, 4.482411184114651, [234.5878201514956, 164.49507353469357, 214.90151739910928]], "11": [0.14343293022208736, -0.17932751811667857, 742.1321256505512, 745.2272868955263, 2.476508446183812, [235.07087656763898, 137.83110322909366, 212.9866932563044]], "12": [-0.3047774040589143, 0.0024487736498375323, 668.1315817574272, 126.48825864834609, 3.1741492280424444, [137.9483104416383, 143.15809264131826, 46.9041703611252]], "13": [0.3598739039610611, 0.134087138064919, 128.241545654866, 101.33120506008942, 4.120921249293154, [109.27859727151954, 158.19939683433446, 118.58426297609688]], "14": [0.22201189688662393, 0.10815197643185126, 476.1276017447534, 588.11709359401, 1.0409636099581188, [132.14599181524244, 45.708439676559514, 163.94829408655494]], "15": [0.4167219520777613, 0.07248295608988553, 1131.683736922813, 0.9637923811211202, 1.1428127402696626, [216.06594640718902, 69.55869645873817, 205.30811986842997]], "16": [0.1260634696987729, -0.3149306218673156, 1437.1489813738028, 574.3269499558837, 1.7442091219212164, [163.95433047236455, 68.63306893485061, 47.86906759796175]], "17": [-0.012605431160873426, -0.4640040580102126, 1269.1705623694024, 341.0873031891288, 2.4595286675655776, [65.81022704751358, 214.08916543362247, 206.64740910067266]], "18": [0.4972165251697286, -0.40449821201178904, 1106.3237050953605, 498.20129607393994, 2.333277316207407, [84.15087087458656, 134.31062870591822, 143.83653048369288]], "19": [0.2157202156199527, -0.34564442440590526, 1149.9823639820506, 472.1175537906941, 0.5947160621221886, [65.30023025677983, 156.59434683680146, 251.51476853003433]], "20": [0.09250580743789105, 0.4991268197731942, 1435.8756832141887, 133.5063400605848, 3.0910140389463403, [0.06183899308113083, 122.23712688192278, 129.77559078468437]], "21": [0.4008899187112921, -0.022241727752560614, 32.18202965486476, 481.7635502711126, 2.0589037336393683, [55.181542457769, 10.610923489194587, 58.075648260586235]], "22": [-0.30497691179190667, -0.04940977106520783, 211.20099015347225, 197.77037623257206, 1.4859674790472983, [32.35040560007922, 132.7267072619145, 203.51590093385002]], "23": [0.36827280732864565, -0.08395946187283532, 83.22758210623265, 78.43707848646027, 0.6302998548980304, [44.01622046579726, 54.83617076696537, 105.33471661664667]], "24": [-0.4761007068685178, -0.1743581599840348, 581.9731624870883, 240.00164051319183, 1.129511787934971, [121.53743123450803, 175.32941651507582, 89.143105489614]], "25": [-0.3397274557873978, -0.0052084955242406306, 1411.644463127808, 744.2681415484757, 4.768612875497119, [138.54668520125753, 162.63354399394848, 229.37192013816394]], "26": [-0.18949018273874274, 0.478950465733624, 592.6237720876863, 446.49839044728435, 1.7674152209094718, [247.91861686423783, 151.75590423927207, 17.833940942249598]]}