{"0": [0.17964066896101727, -0.025130681918456355, 188.02969854726538, 235.403816230182, 1.1813060375483009, [122.63134990743217, 220.65012794789791, 208.13177846873768]], "1": [-0.184937057279292, 0.09503011536870065, 807.2506464352114, 748.3406026463487, 3.4086167292714404, [26.31717445047546, 20.020114268071985, 155.27628386241133]], "2": [0.45010172426788253, -0.26474017732934896, 1099.5766344280896, 637.1481368834769, 2.315396854172076, [79.02749685246397, 65.42427391874068, 254.86659540201734]], "3": [-0.4428622680734874, 0.43599517933882914, 987.1866401892179, 727.9147635302304, 2.390271075635644, [215.5713499161427, 63.40265832134455, 165.82058554598757]], "4": [-0.2183866162135767, -0.05877915875504325, 1045.3087185410802, 314.2515778569949, 4.921844108277444, [50.9897423491633, 101.69182780885473, 48.95821748014899]], "5": [-0.18357448936072018, 0.07450048221031702, 708.1607552916812, 374.206473641451, 0.1574814237916078, [85.6171898559286, 45.1597083877216, 10.899999201603032]], "6": [0.18595289914262692, 0.40305277613353696, 518.5161716936752, 702.7264687294289, 3.5146250006036777, [194.7368600385819, 38.622754022597306, 114.40587232105536]], "7": [0.23743463186075087, -0.46824852115242677, 7.050376256106574, 352.9512821942606, 2.007224728584276, [141.9405028578121, 113.64759459745365, 10.571795982355756]], "8": [-0.14801313184610554, -0.2445965404740027, 896.8973426665226, 156.25250270008831, 3.1329264123451654, [69.55612108041893, 44.461409674715156, 114.4173150216829]], "9": [-0.29082271160672424, -0.4233361321624717, 385.3538381088501, 687.9569868118607, 4.983958339602157, [138.57795934270288, 107.06659627106541, 202.9250706239057]], "10": [0.0765063562527677, 0.15597531258727437, 396.0950595228637, 682.2049065599058, 3.1539040190456706, [6.060486582728518, 108.82384081384937, 240.37210033266084]], "11": [-0.018956544609051162, -0.018906539835544245, 1051.895892299244, 401.8061898466941, 2.416183956035021, [107.38664418951069, 84.36717907976836, 198.3995525283262]], "12": [-0.022990204538962167, 0.2546583619380568, 433.2819550726906, 27.231537545095463, 1.1542027761454088, [68.0700720374689, 41.328510636283234, 26.867502730220583]], "13": [-0.00697791202917597, -0.4514681393348142, 670.0235708011921, 315.357120437709, 1.1048994216693626, [252.68591257046907, 92.74230061840672, 133.8644214042288]], "14": [-0.4899858893423027, -0.04482121396340466, 731.9239115110689, 474.6340717395512, 4.507988491027733, [60.04841691463425, 151.80443196222575, 126.6718409004733]], "15": [-0.03701995923506074, -0.2743587997295567, 619.218537187899, 653.7607773711014, 3.402201197589136, [197.20793278632317, 171.78636415470493, 183.14650831722884]], "16": [-0.00400633023077257, -0.30910997266980633, 438.9128040878396, 590.1031601481798, 4.296798664054966, [137.76689002930044, 64.48833570130141, 206.29489712951673]], "17": [0.39374143898553404, -0.22241021528701865, 999.2087363859359, 650.428122847292, 4.044943358109086, [104.18211531372742, 33.274145819447234, 239.13949342756726]], "18": [0.3972008431449272, 0.27176254175679904, 9.357842992633127, 349.4537854878595, 2.4683011549620644, [59.891922272280155, 205.4259728442689, 43.86483695959562]], "19": [0.05852371780382115, 0.3395434015664298, 506.50724425108433, 122.28893191129436, 0.2922748381595236, [203.9221091782397, 22.134274596373764, 111.56294080357925]], "20": [0.24219916552328502, 0.16919791521125038, 947.2023748944994, 653.2364567454046, 1.6163594718248686, [243.27566172648514, 142.3727026383386, 184.96786674705578]], "21": [0.11673895280371649, 0.4681615361070022, 1226.0960051580853, 107.15655187077546, 3.091625825845105, [230.20298859145254, 202.55191175633416, 146.98763323404367]], "22": [0.39275967999895456, 0.44906482916872903, 943.7102600159513, 461.8021536759994, 1.2475866672963143, [173.97952264831173, 177.4254526880527, 98.98050438383163]], "23": [-0.3479255216457824, 0.41937126659180435, 79.60400872590688, 409.45582537968954, 1.5543176028901717, [199.9949629907605, 234.01523559448304, 155.86083132383743]], "24": [0.3712873098468005, -0.17646653398087886, 445.4236092347511, 283.3259177886558, 4.564291452583328, [117.16241008005146, 2.171357163840935, 129.04005892636113]], "25": [-0.45380078836810067, -0.39953416415631204, 1068.8229697214172, 408.62467486292144, 2.093221126678605, [67.37116889958156, 80.57237926941583, 92.85712215282383]], "26": [-0.22591621423882202, -0.2712995076260162, 897.6393686082498, 484.6388230290322, 0.6374910223260999, [57.16317523218396, 251.34307982405434, 98.61213253232602]]}