{"0": [-0.30608811179954765, 0.23487063365949623, 541.8877803722836, 356.1427154498776, 4.44675605177015, [69.15498807962267, 164.55549753915804, 125.37550038019735]], "1": [-0.49204220465855963, 0.031480659373672504, 509.5200151555541, 167.9530192543793, 3.562065012395745, [244.03705008781805, 101.21973277402036, 89.576372846979]], "2": [-0.008168551571391958, -0.28236627553912785, 1139.9835143473126, 61.913205153254935, 0.8229471556878282, [80.7520180792566, 37.1635604156922, 146.93745398502867]], "3": [-0.44476242737154026, -0.39940125177434094, 935.5891407373628, 25.880850153714263, 2.2859698570200164, [59.74645874820332, 162.79050314265098, 39.66938663036221]], "4": [0.4695547519998541, -0.15594370953344194, 326.02219452211693, 368.2276043525876, 2.609811815539278, [232.5129170705273, 91.92765303013893, 93.25063892418635]], "5": [0.10157429202577728, -0.1493969326649882, 861.9539480427811, 183.771413916738, 3.190458373212574, [154.00108299249464, 246.25720947658857, 50.237424864652425]], "6": [0.3881963555624005, 0.4210467098053309, 205.34071249789721, 569.6309642685904, 3.6316465710385666, [42.36183583310489, 94.99828921376759, 174.44252102015173]], "7": [-0.2951399725089362, -0.3331189529577777, 1267.1733837296074, 768.085584006718, 4.074042626900554, [153.7546709560212, 47.84325625999672, 103.06546818638773]], "8": [0.4053630959903862, -0.10666205429543907, 1132.07039652238, 221.9207326991791, 4.257829745338001, [31.807973744027766, 33.04299159923755, 247.39666272219372]], "9": [0.2195693083603968, 0.07365538444633513, 43.8278474229303, 702.5487574751353, 3.273351307054348, [61.849863574103125, 9.467367560465132, 57.250294604243756]], "10": [-0.48900487999178566, 0.2754862528282708, 629.828766019517, 652.7566951593195, 1.0244659487842962, [71.60477639729339, 254.1435360557959, 33.26521455503388]], "11": [-0.14845587837650276, -0.14590624688222054, 227.3508050001557, 398.0404431059693, 0.02388606491160794, [201.64019298874882, 80.8686470571507, 226.71429155217453]], "12": [0.025958967137666322, -0.20151012058832818, 615.0722225142546, 121.62732715409766, 4.66090372102921, [13.56801593903021, 21.77393169471398, 232.35584472740254]], "13": [-0.47290813176502444, -0.2859346259510034, 259.3023493677625, 188.5502533464302, 0.8505496050325073, [162.50296696898906, 68.57586190108152, 88.14663675266874]], "14": [0.23084460640110338, 0.1401476468042786, 501.4231848177922, 725.103281437761, 3.9209018101989326, [218.66824394573746, 206.0128690846325, 72.5844359286259]], "15": [-0.4645217753806101, -0.01972072365215649, 975.7603630518586, 563.4594972479255, 4.62994971318948, [227.0616986092552, 168.44377232740297, 125.25327313758305]], "16": [0.14731054962198686, -0.2845291232192939, 578.22155409476, 555.3165710757638, 0.42243682203568833, [163.5847103837649, 189.07526079623972, 124.32731365006606]], "17": [0.19830376716213227, -0.04102121403689596, 9.622289347441253, 554.5002455625304, 0.7632559461856442, [169.86489887581058, 155.9327001664277, 3.586510543495298]], "18": [0.2546960900572498, 0.01539478573461317, 236.58153244752336, 667.5625378248243, 1.6558360795667637, [166.91025740737845, 243.85674565891486, 94.91240416324433]], "19": [-0.44809354094778, 0.22681840573762624, 1068.727891626588, 367.09657581494747, 0.8681110164169853, [72.6732836713236, 12.91923271867775, 250.14826878403642]], "20": [-0.05128373726725899, 0.49857053422212705, 1350.7630009341242, 556.7417768135729, 1.4232827742108372, [7.921289793361466, 81.01138183930428, 65.37368255558934]], "21": [-0.3653473255348948, -0.2776086908050799, 722.2680232221455, 489.448175323016, 3.6695268101767446, [11.895657722990443, 186.748536944109, 210.54947672548496]], "22": [0.010485951080259626, 0.3878132675192387, 905.8956274637284, 233.9162687803884, 4.170921601169838, [140.31460117780773, 221.8619768128269, 162.206753587706]], "23": [0.22311247688103286, -0.4007006241916562, 220.72660570532315, 594.1936858604219, 4.004052215339474, [115.25082618438867, 253.6015950955181, 97.03049791711857]], "24": [0.4519385234166313, 0.3414534544390655, 1031.098393374721, 680.3811388382635, 4.339105095437199, [248.5740414505719, 13.718122223922048, 7.25864518641875]], "25": [0.2669090913769526, 0.10539057765604976, 1093.3179563970698, 447.753846884408, 1.176089633268273, [39.28489065007519, 32.41049966502056, 49.748808468764224]], "26": [-0.07363697687508308, -0.07201899063669948, 896.8044738873859, 438.8173124304914, 3.1202071775124933, [54.52596816901999, 171.0435798430066, 224.38943518797268]]}