{"0": [0.09294100669943928, 0.02488695817231723, 1248.543319924962, 275.8991711491739, 1.921624205254624, [147.30074012084802, 26.645876258418497, 60.80770183574512]], "1": [0.26503693905535786, 0.18434197617309844, 498.3055504043862, 798.6963493597843, 3.752574837611678, [116.16087851779682, 230.013944648475, 201.8780720838449]], "2": [0.41913055397481913, 0.024559894464592502, 926.5086177167971, 511.53685984215116, 4.869463631809881, [146.27132964372004, 199.09933341486735, 179.1268090404411]], "3": [0.402527690818442, 0.10627992677135922, 227.64504399763976, 111.41747738827812, 2.0393457060345286, [198.66369424843788, 160.81322931883295, 233.92483878252548]], "4": [-0.03128614650000183, -0.27092566298623566, 13.660083670616796, 330.53803785118606, 2.7061494526259904, [213.68454184922254, 41.49204810869046, 29.91368493611654]], "5": [-0.4485295379994312, 0.4042307270704919, 918.853371455142, 303.64436769742815, 1.248136277589245, [80.84059841354821, 178.56855751225234, 170.00754495919094]], "6": [0.49964335348082345, -0.2122547638184561, 477.00135107504633, 753.5647651843819, 2.156023609045411, [214.5876315961056, 195.992487233159, 64.40670497479246]], "7": [0.12802928106528944, 0.3552034764837749, 795.3160217055287, 774.2633231190182, 2.5293264311512536, [8.673699595636148, 208.56151713585592, 24.347577336499064]], "8": [-0.1198937836673899, -0.014938997746440918, 888.3076201483593, 176.50797243091034, 1.2667870698945687, [93.2386131362297, 129.06678275238903, 229.50929411577016]], "9": [0.21503295874083939, -0.47960867500006965, 192.13746615280576, 673.2527490800258, 4.33582716170648, [108.11654583502535, 60.06978915612127, 6.575275040063718]], "10": [-0.19662796656997716, 0.27193819651761497, 339.93144472850366, 594.9252208905812, 0.6867961085533447, [117.52584785919858, 144.5228168991611, 243.8236385187026]], "11": [-0.21482569831145493, 0.24083275873771626, 1097.0806474464684, 63.69932773177158, 1.5691167377644195, [68.57916615932562, 242.9402224694186, 5.752825375266248]], "12": [-0.10231963658404342, 0.4527673520350681, 902.5460199927254, 716.1239797993948, 1.6692173914754442, [248.30441128807723, 78.98625562922754, 226.06803463384472]], "13": [0.33395404686468255, -0.49085467393666693, 946.0369873232208, 479.3764055035884, 2.7170533870667275, [221.88152495321108, 135.2557083531468, 205.65907619208272]], "14": [-0.2656406477747608, 0.40268508385174884, 203.90184570291825, 155.5955043839618, 3.040762597884072, [158.9974542084012, 67.80787249549365, 47.40690928515526]], "15": [-0.014040017647424241, 0.20966622082465436, 976.0174752190143, 399.7758222499547, 4.534765788737749, [26.5122322401233, 49.26505119635672, 121.78927310922406]], "16": [0.27290936118943987, -0.2827100532408502, 173.14003636461388, 92.7442988001161, 1.6726963433394448, [149.70164846706717, 176.9905651938157, 241.3305125736206]], "17": [-0.09158691255376739, -0.3928770428731748, 1022.5569664371254, 704.2016910478185, 0.34402667817016563, [105.95347987458382, 250.65308981041434, 117.97027124373209]], "18": [-0.03437127068383283, -0.26662065437478855, 1099.693442868616, 624.8501933171332, 1.3691736532380938, [244.08196019113836, 131.0923153307713, 34.68214685060516]], "19": [0.33574705837642815, 0.3558217001974755, 727.3825514169862, 292.2055909345237, 2.3156469692491477, [95.38631005988935, 248.84553492848238, 8.316020963559716]], "20": [0.3032308431010241, 0.25719382160379123, 553.8744276264991, 171.7411107979675, 0.2314943929179003, [120.96282578853318, 18.777640795117673, 189.4332084693647]], "21": [-0.10130852145735081, -0.4692037328828006, 452.3777533724377, 51.29558889637052, 3.8959244831585953, [182.3107122258706, 146.17606851749346, 111.40731853518547]], "22": [-0.24565647805255386, -0.2812437648982389, 470.1166845154456, 217.25452742082885, 3.4606262997755968, [175.57686952993546, 118.75000056934357, 78.31967127168996]], "23": [0.36909211637994643, 0.15327432655265627, 1434.3978802015329, 681.6498852823934, 1.795831985783329, [151.2692237118109, 253.8141513959516, 221.54022482599888]], "24": [-0.11032935304928293, 0.034372120294841046, 245.00573635454555, 655.4264229971485, 0.5494441479503581, [16.193949949914206, 149.4461327155612, 179.87562175204033]], "25": [0.10539539142643195, -0.25283403384779546, 835.9959782959961, 307.67270476971953, 1.1178574005708626, [158.445033024982, 163.4300681865648, 9.99346147849575]], "26": [0.40715029031811656, -0.2607252671840006, 1215.7656509776664, 700.4800440737013, 2.9857658178382107, [4.688577004023157, 123.58002962335826, 100.49771087377988]]}