{"0": [0.14303471947460844, 0.4747764062256754, 237.18731353420787, 621.0616378896916, 3.4981710530832446, [152.15328051529715, 40.80376588289084, 139.5289396366919]], "1": [-0.17299821425403028, 0.18946835590688338, 499.25774511957405, 223.60726179213134, 1.763510138654722, [123.97516952790129, 109.5768090186643, 139.31578557640506]], "2": [-0.40934792277599596, -0.05696558350524239, 491.3851577196083, 106.93449521990024, 4.116689484350432, [31.86016810626028, 165.54967477652903, 7.490373379124351]], "3": [0.09232842123767437, 0.20981979048845656, 1073.5441261806902, 87.68841638465297, 0.040617843122289776, [11.017277971678878, 61.93797673066634, 52.47968089968411]], "4": [0.06672813017604895, 0.07360701688376525, 1106.8991022934003, 617.4921977749194, 2.4646196029821215, [183.86821562251933, 234.0078611641319, 221.47124091056585]], "5": [0.06251046711633956, -0.48878462432868686, 644.1532123846841, 77.29656707981327, 1.6912194277151777, [112.47400672094649, 202.34746271196644, 18.67993109283987]], "6": [0.46847275152575285, 0.23760140716464817, 944.4729202580542, 461.7729639161905, 4.204906051539778, [233.81001228356118, 129.4955797918226, 23.926420822640964]], "7": [0.11804367917144454, 0.3688408511739022, 1211.4545408603651, 646.2552658649735, 1.1847172776845105, [114.84311836782845, 204.48747239860577, 248.3715023141675]], "8": [-0.1948372483429628, -0.16262226405390778, 363.0874462987394, 487.13871216537444, 1.392912246586104, [15.689018292699885, 206.9955098556892, 220.67818985127528]], "9": [-0.09376614700769537, 0.3764489060548839, 764.2858558256246, 167.55157757690318, 4.98355613993856, [155.68223822218206, 217.14248787706205, 35.300669099075385]], "10": [0.49727268836794625, -0.047038685336367236, 1318.2231020021281, 113.20139421880037, 2.603902836968091, [203.02128434422772, 241.05077124123198, 45.06294254553953]], "11": [-0.16773131649535322, 0.044150638082880556, 135.033697936048, 75.00766214611917, 3.773765549241072, [59.10121275376417, 84.86988243456592, 205.8291940720248]], "12": [0.024213230343587022, 0.35156569975273066, 328.09587280347944, 71.81891283283859, 1.138425072317399, [29.91990335297446, 226.31471711400732, 169.4365123500377]], "13": [-0.30723564781131485, 0.4485323290144878, 626.6806098914421, 743.8205350383637, 0.3284877876011455, [11.366749996615315, 95.72262383146781, 198.9920516325397]], "14": [0.3967746461544912, 0.39965132263022485, 664.6907261650966, 261.49061530028837, 4.809611136830938, [109.67482007202929, 184.56519606760463, 192.8419067539045]], "15": [0.18857257633479285, -0.16453819650351542, 756.8083904276656, 659.3597152884852, 2.690651340201709, [98.8569035572249, 49.85236766588518, 42.16989284852158]], "16": [-0.15395469149865582, -0.2082955356916255, 382.3761946676925, 434.35937417608733, 4.351838655753501, [248.16312063830773, 235.62170480604522, 1.8107904540071247]], "17": [0.06651837752450329, 5.344708095045281e-05, 408.08319566581935, 608.8265998302983, 2.7121565112287738, [67.1625386600576, 105.92029144245016, 235.71708087237553]], "18": [-0.4822482449115817, 0.4222873903421267, 536.2250209851347, 540.2693540375733, 2.8360012413590097, [36.90179537205345, 212.87053043590018, 234.2110832307965]], "19": [0.14215967226578496, 0.14983281916909952, 453.42916219950405, 252.06935655319685, 0.521585972113145, [182.95014065241534, 150.82633061858388, 32.17699694954286]], "20": [0.08397556276658757, -0.4136088149180832, 851.391372646461, 166.5694738994305, 0.4900752276775011, [65.46701516182476, 8.555949967613076, 254.8501163447687]], "21": [-0.24083702223916326, 0.12299839271176383, 1339.3103117080461, 745.6210243785017, 2.556395287002067, [34.809146337382735, 156.41556504441388, 205.36656643226692]], "22": [-0.1251837831745819, -0.3273665830463922, 615.8032615798171, 278.7437409810213, 3.600757520581082, [247.61721942025002, 198.00265243543495, 70.29087669877262]], "23": [0.34039109593132555, 0.10021021228903804, 1387.1214103222203, 788.8911148392937, 1.8892840408978562, [85.92830305296053, 243.78147828344746, 25.083292166037687]], "24": [-0.39084633705275884, -0.45921768506700966, 835.5802324971273, 726.2700375088751, 1.9513367561153572, [105.54182354910303, 116.21262038457613, 169.35246096484627]], "25": [0.0029559474465109536, 0.2679079620574609, 727.11842237765, 437.8828899179317, 0.6658367773379581, [207.17966385102926, 88.76979713686721, 141.19727947935266]], "26": [-0.3659310726810042, 0.17074135625416997, 105.60232753222188, 728.0396722916805, 3.0058471799597264, [137.06837798835716, 124.45514190015464, 144.20292426118363]]}