{"0": [-0.15778203033471538, -0.24093868014288589, 553.5779439062678, 288.40933935030534, 0.36010082772213625, [136.83258304124402, 35.44184225448168, 223.37717808517263]], "1": [0.23443726206218818, -0.1025796140529951, 1026.2063764272468, 402.96361445397196, 3.6379381401612, [79.45171142118309, 95.35252986098291, 41.44422451935335]], "2": [0.12158602309979949, 0.04145990511979947, 86.46932707151704, 235.07090791113148, 0.3537537438944466, [214.62406516159905, 59.98365869412274, 211.7596426049675]], "3": [0.3793992921409386, 0.3916913407872322, 924.1761586497713, 563.5016003733075, 4.999966775170331, [169.81822878301537, 250.3175431327503, 47.037689568165014]], "4": [0.22843790994094093, 0.49921434666421927, 272.9125649807117, 749.1746098111096, 4.97777880882899, [146.44395896090896, 149.130823380832, 177.40025500597815]], "5": [-0.29816677659368784, 0.32814156740381795, 1226.7693027057787, 223.4701138922534, 4.7740531700060975, [145.6206896476446, 54.67145187886011, 204.5608246811264]], "6": [0.3880338560422488, -0.022250824399575597, 1130.4404828359916, 723.6927357517087, 4.508582324758654, [16.03129664434207, 208.1104877830222, 189.4528503450824]], "7": [-0.40534148353871025, 0.12697008857629155, 720.8092438508534, 27.05840899188381, 2.86532065792024, [223.92083818639514, 178.78697332548586, 162.47204729502036]], "8": [0.17399272159699475, 0.39781543217364246, 166.23486270469104, 23.65348018097153, 4.816127124981875, [249.63677654725268, 234.85850771116415, 176.87307960940856]], "9": [0.11778222526862081, 0.38612731789491506, 85.12070777840309, 137.40376847350245, 2.269707632319076, [159.82163765634093, 83.30697557904033, 182.48411916535818]], "10": [0.47769024120559955, -0.23940631544398938, 587.6001466886866, 195.47418013999805, 0.8225046240139272, [8.40247593170347, 10.022274086185902, 56.525234509675506]], "11": [-0.2521172125892104, 0.47505598459044085, 1278.2818608492585, 681.5013254903831, 0.804000612994128, [47.34730147353149, 116.87891021726911, 167.72361619896253]], "12": [-0.4070150230763211, -0.15943091398634535, 409.2561700461235, 354.6058867213067, 1.6490713483040946, [181.1343419212513, 202.234987252992, 194.2139579212158]], "13": [-0.21377971290115394, -0.20861096005008528, 686.6456111195979, 232.61705294378893, 1.9177541717395108, [224.68582224536078, 129.0622892721765, 72.21572519149397]], "14": [-0.4618880113795517, -0.028455832965781802, 449.1298179031525, 423.70452498789257, 3.2666927300619615, [180.85766444089256, 30.65201178841991, 236.07603303140044]], "15": [0.33994902440469843, -0.4934882577099986, 859.8770322298137, 402.81083307585055, 3.3429602065611865, [130.5056503064355, 188.23514992735812, 203.31709853802272]], "16": [0.4953733178370654, -0.4070500026993843, 1349.6604436923956, 379.6013778338704, 1.33692202100825, [38.19019831254084, 176.08841156986256, 167.22504405409435]], "17": [-0.14815911911183843, 0.33440260851984205, 1337.5225597012382, 712.6054002625965, 4.698670611960126, [104.43323075156124, 56.28299158812329, 188.02130981731005]], "18": [0.33305516586312034, 0.42430877384777665, 856.1790642725915, 519.6280183069623, 1.9024791779324013, [138.40494405205956, 201.2071694931379, 101.78178745789234]], "19": [0.012942494995987874, 0.16690114397917755, 457.64621500461783, 733.7012205410945, 3.4614356621852114, [65.95533441112715, 245.1425054467502, 33.39961679566635]], "20": [0.2952198211552153, 0.3799430153076597, 964.6132850704201, 568.4160451896355, 0.24390338718370264, [140.94677133110696, 218.82341914450512, 197.60669189611536]], "21": [0.19738471743422747, 0.38264982268186354, 116.41485175945711, 698.2251105786701, 0.3499800005814202, [171.92981589304597, 73.32373770224105, 95.12721312408806]], "22": [-0.14608528990322156, -0.3594913598658238, 618.4385892205537, 142.7858378874519, 2.863098333549047, [245.32679673457073, 188.98751568574173, 254.9789369968418]], "23": [0.3534007081614903, -0.42006210315351444, 176.3188738757489, 608.505576153364, 0.7598857257549524, [118.45912555384781, 203.95534261438922, 213.53713455490555]], "24": [-0.23168200777663195, 0.37880307709659733, 942.3666124528746, 287.674084541446, 2.430710794299032, [144.93438042576082, 213.60280260462656, 0.22016712101999514]], "25": [-0.4359111649432873, 0.05297680544787109, 1018.2742249824997, 354.90880506738335, 1.0217016753720491, [185.8493237169502, 109.4082923362508, 160.05140024804814]], "26": [0.02618365065905437, 0.4851433974604963, 569.552973558904, 624.7707046218595, 2.7371383509232032, [222.81120960740702, 131.36631885882812, 36.54400352948488]]}