{"0": [-0.4175373939765591, 0.1490726274202323, 159.8083301491222, 87.92097108751831, 1.4298425903520806, [209.40001682393424, 189.41914890578204, 81.88894339018441]], "1": [0.38356945797356745, 0.16768870223891863, 558.8164797385701, 236.23478443277568, 0.39528278326352473, [81.71458853683266, 250.98405298775685, 152.71895239360384]], "2": [0.37146555097534806, 0.052033025381801545, 203.2800697605276, 546.7405053162275, 0.9768044766466333, [253.32616411356648, 163.89154063890948, 227.62305462933514]], "3": [-0.33398084737740696, -0.3021737692855164, 361.2937740879471, 9.947537044836174, 3.97298984549846, [62.31155497292906, 188.78424205432557, 162.71577996142088]], "4": [0.3020015310740579, -0.4896125125382469, 613.5815415794641, 293.04806170020197, 2.4646802887623105, [198.19816018484346, 110.18480670956681, 131.83635158209208]], "5": [-0.44338125209626544, 0.38629802086171594, 1085.3274253716177, 656.4701375305774, 4.430307871394049, [51.14362080516266, 26.007642057826665, 194.66686438414095]], "6": [-0.4883666334259559, 0.3299265333441044, 1289.1077546553518, 339.48239691413227, 0.6078235685924854, [172.68617992467495, 142.5352198864982, 43.316726340394936]], "7": [-0.025754802026360935, 0.35430844190823374, 1401.051297820599, 614.6040628820849, 2.415222975312891, [220.84025419578754, 226.79178968759322, 235.24116222476678]], "8": [-0.14703819690696562, 0.09290512531722883, 1303.920128958488, 467.8413007293444, 3.3979927093461177, [150.58579193779735, 136.22324268182197, 121.15060962916817]], "9": [0.15958968299238507, 0.4597685500741536, 368.64492600451007, 683.9468582710144, 0.06438121240209427, [247.37131570382917, 62.9724767307311, 72.54124401947476]], "10": [-0.04372185507485027, -0.09941337719771703, 179.04045276323532, 90.34808375279191, 3.8217595282724757, [29.511220324493152, 26.979711617416474, 86.75442579895443]], "11": [0.32167117650271715, -0.4167316663862153, 0.4027457501086218, 448.5282540575417, 0.7316313253293616, [25.86652415897978, 157.33341926634824, 83.50012552764234]], "12": [-0.04575256780676806, -0.2103645931833028, 750.4503105706306, 424.0885018256613, 1.884812390815585, [91.3831997739369, 191.2385362085644, 152.3017541786413]], "13": [-0.45635054950510623, 0.24214577540829074, 205.91195220183215, 540.9961172579575, 2.225188550086254, [134.80072413481108, 53.18171220761187, 56.503184062991835]], "14": [-0.28282226841815694, -0.16596241382480703, 1008.1078901627181, 770.4377053330999, 4.783332827109888, [106.99056532668044, 37.058974006635935, 10.500313938111333]], "15": [-0.03891381997598886, 0.16627303100077584, 417.6926204487697, 305.39976267714053, 2.2761411701088092, [171.30432010361287, 46.29119928194874, 22.55187030974688]], "16": [0.3707664502875059, 0.3529983017345848, 294.1308059859907, 382.95394791147135, 4.23614446606376, [132.88717761793737, 155.95044244762306, 68.31329046381438]], "17": [-0.2736749021317558, -0.40146219358980517, 1049.7609248161007, 658.5625539415696, 4.541260486106204, [194.37811774787227, 198.5645582747191, 175.15230063863484]], "18": [0.07906211526162521, 0.4113031691503627, 641.3663075701442, 54.55165538735223, 4.826743079725939, [135.2368745626341, 98.84166053070926, 155.50016191672523]], "19": [-0.11746394974972063, -0.08658581598517912, 741.1525179467712, 292.4658950840062, 2.845105011028436, [180.57353940716533, 171.07990575642373, 7.4517332727952255]], "20": [-0.14955928525437023, 0.28018141860349666, 1378.0120369848453, 207.06739184332346, 0.9994165125778876, [97.36285904997449, 130.43291304795042, 175.17428730706587]], "21": [-0.02027613159423558, -0.40687072112452516, 1031.032143937342, 658.0291329041107, 0.9070925430016963, [235.74344510540612, 120.00912962330135, 140.74001795120097]], "22": [-0.13299090199175412, 0.4599440714506251, 770.0272596007907, 100.74116365296871, 3.9968690573060766, [124.09682982015529, 202.60731148266868, 196.8583069832446]], "23": [-0.17222048078703545, -0.29647163575558044, 89.96449471405572, 23.33712155150991, 1.1261343730178504, [45.84397287538686, 144.46105833447143, 217.04829004168204]], "24": [0.06270099181969857, 0.2628916409058666, 823.3058374854556, 504.91824004782967, 4.862334139211616, [54.54313453202673, 167.7248294461245, 181.1489315906513]], "25": [0.1454800515744682, -0.4125535569982428, 311.5080142715938, 32.0447224293317, 2.9712953412688337, [7.063973052113116, 176.33009166096764, 244.69416651810627]], "26": [0.07454238460352436, -0.20642593720455193, 135.37732960346676, 164.73427478654622, 3.2814416107290785, [195.54428321375622, 248.15058135987033, 203.50336276433143]]}