{"0": [0.2299004568959323, -0.3223361922820507, 1173.0375039102685, 644.6075880301905, 1.0461075239292295, [219.02143295981008, 197.2897871997436, 183.77339807251175]], "1": [0.053115884039323547, 0.38227206373396916, 1438.3584810723255, 742.5972348938176, 3.135621533409112, [22.855425992112643, 103.78195003630161, 134.57999768819843]], "2": [-0.42530781096445236, -0.15589442867966596, 256.61125879718315, 82.40056203686538, 1.0718433095843465, [3.5873123585395152, 211.31058977411442, 178.30729713113269]], "3": [0.3382398404672582, -0.07472670110017066, 1296.959534229534, 424.86442137243995, 2.9075052106286545, [42.43218846803889, 85.47490393284127, 116.77272620004597]], "4": [0.27301566556346724, -0.028924474110854193, 675.8181689513856, 772.4320620327786, 1.9193207088160402, [220.9409192569856, 39.12963785989689, 187.1733878412266]], "5": [0.4240751264644934, -0.08014516936705385, 1376.5908176652954, 356.15510579305374, 4.710114912279452, [97.93061878340073, 194.17120394262798, 100.06613077135981]], "6": [-0.09629834572240437, -0.3111157143522385, 1087.4046225275388, 13.546036843749398, 0.5317853757249702, [236.82399289596177, 161.60302937323675, 155.58615676063093]], "7": [0.36381998431141016, 0.2490716484885347, 195.86216718425172, 194.308755198883, 0.6599773723975616, [68.93423010396299, 219.14436280082938, 21.93120775441861]], "8": [0.49308577365527373, 0.35248982220082636, 1169.7251333634717, 574.4609504623905, 1.1334635687523564, [160.60359364545278, 34.433178054032986, 254.36854972635365]], "9": [0.101866133707186, 0.16402875694748253, 568.0344348367122, 577.0722864527884, 2.3608673514719047, [224.2794697876442, 123.0594919316979, 192.29325484091808]], "10": [-0.34708205055367225, 0.28929404405172987, 421.92259679289197, 533.9087494208919, 3.081362755464462, [247.44528149718357, 252.48648007612059, 55.69571875751019]], "11": [0.4435799365900541, 0.44033927159393105, 1326.3463913023932, 556.2396192107008, 2.374701462896003, [169.86848891249446, 233.73685755366446, 144.2786410431867]], "12": [-0.3375365196500284, -0.08706188175659546, 276.45446242853876, 271.250888985557, 1.7017403341869857, [19.323183619605942, 117.78960576901683, 224.29573835720925]], "13": [0.12610715048634458, -0.2717939458383347, 80.95807319288015, 347.6991833601908, 0.6924496109015876, [41.912311229551605, 161.23685201383248, 46.62717097918425]], "14": [0.26470203557385763, 0.2687012208561086, 752.8736704516591, 526.725690715597, 0.9605991252673851, [101.09858424641949, 36.230469515673434, 49.55245406346363]], "15": [0.3675347570685422, 0.0775368717634316, 1149.7118422086578, 200.56992570778397, 4.938984274038038, [245.56484459262597, 3.4459550066627327, 37.64449586022062]], "16": [0.0687031247691452, 0.3973876779360256, 1326.9384473767313, 571.678901278587, 0.44543099092323124, [203.8266353021986, 28.532247963050047, 141.08584378805722]], "17": [0.08823238288069868, -0.4515538129439055, 195.99004011311607, 219.79503140739408, 1.3449489896064, [126.39798975378085, 154.79401399735528, 185.43849208807768]], "18": [0.35488721340153495, -0.1521509573487666, 1324.6571792585526, 339.2576326687168, 2.9405720080467206, [200.87097318278782, 8.297304090909792, 48.72518575568826]], "19": [-0.315732562272791, 0.1683677589939403, 1211.5561624209884, 615.892268499345, 3.138989360170337, [100.71571568656482, 195.39908763772343, 130.6226899521551]], "20": [-0.3827471175065381, 0.2577903774643021, 476.64074185347926, 32.12861787922865, 0.3125057984463109, [208.52907777405446, 69.4872161972401, 84.36418117287951]], "21": [-0.07646137496048222, -0.06238797876294244, 430.32957856277744, 390.86142003522764, 3.878014015032953, [123.5480119523197, 174.75976329418606, 14.082553354082313]], "22": [-0.2336249421265465, -0.2646940291486116, 303.15831236597944, 349.78515974778145, 2.366130632656355, [162.96172322347124, 16.237046434495575, 73.88123793555037]], "23": [0.16685696219274482, 0.2946242586130935, 1431.053072590077, 518.1290014409201, 0.4291940190798166, [155.97548683572154, 220.54482116420695, 78.68932988971906]], "24": [-0.4266875959737815, -0.2833504242104924, 921.9144546223816, 59.42373459089865, 4.098946317778441, [97.14079578771064, 4.5117175550599145, 236.36873906952022]], "25": [0.24757812980163818, 0.13033969026848913, 431.27656281263086, 100.73979005601812, 3.554791954616596, [134.89931903507738, 32.96006751265061, 123.04432913556163]], "26": [0.05659081835772506, 0.4499842749521814, 1119.040716919381, 194.74144948052822, 0.4522231618770367, [53.87080735353693, 38.31810507648976, 71.44984306351]], "27": [0.16214755809519676, 0.14337221204699924, 1308.7071464614223, 496.97579998552266, 4.104938870346814, [171.34258322559026, 236.49165361448078, 144.52570979005682]], "28": [-0.2129876976231101, -0.30754589413297917, 603.4314357655094, 555.1763277149616, 4.416749779752471, [6.32818464169243, 15.44554254630206, 77.11260269581629]], "29": [-0.39458851048394905, 0.29626527049588713, 1421.918175222824, 197.33181054581505, 3.9441510869695517, [113.07909565606491, 224.70379355687498, 19.402364756676207]], "30": [-0.42950921674031717, -0.2597488994140865, 383.88717981100484, 139.7934535256585, 1.3288210339074646, [129.43546792248807, 177.25280670240923, 143.174609177519]], "31": [0.04332666340366598, -0.0440780534350288, 391.12170376610777, 677.6490085223995, 0.9147386557152837, [59.467445471324496, 87.74051266572418, 110.84487138100144]], "32": [0.4787276100410296, -0.38384904482269044, 955.2750351902945, 515.116168409079, 0.16904594701557918, [100.23011301305124, 237.72641365457912, 147.49843510132473]], "33": [0.3342199136467593, 0.33253316272743205, 85.81473621752653, 188.7152122501309, 0.0025989239358514826, [3.383456138483463, 84.54164687265785, 37.388676579320034]], "34": [-0.3569250831579591, 0.18573087332579075, 795.8882716985029, 148.22104066185037, 4.938078623870832, [45.42060432212195, 9.647315159736142, 57.28345448842936]], "35": [-0.09710673031602468, 0.48264221095814175, 1154.2266055152745, 504.1231656628314, 3.8331635358968392, [207.90597668426605, 152.11780598005572, 4.4264467661449745]], "36": [-0.4301073658419323, -0.22459214642953085, 1380.2653547793757, 249.14343118375442, 0.9469606621371296, [110.31332662620432, 51.812456051808965, 130.2595933399845]], "37": [0.24473678306917002, -0.30480140472180717, 676.6456538429837, 125.39637101217878, 3.1450376262335777, [73.40200989972993, 21.759234992384584, 63.21173457424989]], "38": [-0.33709698721528003, -0.388988833082066, 1349.9565688752114, 466.445278342154, 1.4604965237002072, [56.89793193023498, 14.221124315936088, 100.68069761804686]], "39": [-0.1311760654894617, -0.11317578692836194, 366.1042644127572, 668.625652376883, 2.950200801100908, [143.09382124097453, 233.72254639214324, 153.26508897605325]], "40": [-0.289469127297294, -0.422288860753538, 285.38107989399333, 429.18054591866286, 1.5540821045069193, [165.47163822919293, 152.55110084243708, 149.29367588014307]], "41": [-0.13409728408537724, -0.1837972352109165, 758.058704829212, 180.5638064660668, 0.7444923288692396, [46.703876117719396, 74.2061325855778, 162.34848542238416]], "42": [-0.12527644901941581, 0.17610870652262378, 912.8508872432791, 333.86711937361315, 4.550187836016785, [194.84477500448767, 99.50877215882718, 253.49670816676516]], "43": [-0.07610512653242651, 0.0832936250417976, 433.8226370797218, 187.61417357105623, 0.41978612982872754, [171.68365624658563, 229.31398966643386, 198.44721123630038]], "44": [-0.03996035967744416, 0.29083768246275554, 183.4097357544211, 784.1547438034316, 1.391412059381828, [36.66568697594588, 111.45424324560585, 62.14642727058791]], "45": [-0.13284892148200134, 0.08952568721085086, 1029.3970067194778, 149.76539029857722, 0.060913320752738476, [17.281084001559435, 213.21562104971005, 96.02013842898948]], "46": [-0.16381195937734305, -0.04155491572120695, 43.8451268994895, 535.2174966113985, 4.300806703259125, [208.0344088806415, 204.4876943477294, 59.95143129961977]],