{"0": [0.29123256996914004, 0.29240396327446727, 604.9160522792229, 191.08147181755132, 3.0962809319417737, [39.3668682232302, 157.7297513305404, 218.082821626683]], "1": [0.45211150719804594, 0.4298485226266546, 558.6416907756812, 278.1772353228776, 0.6448560961433719, [139.13746978110828, 173.89853675105408, 164.98434847835125]], "2": [0.2520448629045562, 0.17332145904878193, 538.5831135226467, 753.5446305056028, 4.7379401600185, [43.560744099125316, 248.79876001590344, 20.458979323964858]], "3": [-0.2412611320754806, 0.2253646790543259, 559.5141252984901, 509.97552432847317, 1.9821275134704996, [215.01405538022775, 217.67124217124748, 39.995249918834546]], "4": [0.3434014684191191, -0.11821073009253857, 864.6783762946039, 491.58666472809136, 4.424776727576993, [183.33058384085086, 30.92859807523499, 243.55953352876975]], "5": [-0.1103876436239859, -0.410773025164072, 1233.4516942668724, 764.1126515942356, 3.08854422956426, [222.60324098514965, 152.1157072229744, 113.99626572143426]], "6": [-0.35431149798055084, 0.4307230748307289, 1120.225386908678, 485.02270967953393, 1.5895460294713826, [34.970696947562054, 77.32786543007956, 165.15075556453655]], "7": [-0.46459003432552404, 0.14465343712361878, 0.5400872576010052, 789.7913021349725, 0.19153933990070704, [129.6551125037234, 152.3435796053962, 204.9542169210228]], "8": [0.4600547882391567, 0.3523719397772628, 786.5234738705058, 148.45415218506713, 2.501377241952451, [34.09334098681544, 89.0521132005609, 85.45806934737308]], "9": [0.23591024927951199, 0.22265372012554763, 470.7795991234136, 519.1142604861517, 2.1587596466563133, [63.3647136437499, 85.62302483538389, 82.0527245970621]], "10": [0.014189804873186329, 0.07724027895608865, 182.03414370342185, 78.20184623396926, 1.4151654693569053, [159.22839529792842, 124.41037284326923, 97.93522858860408]], "11": [-0.4173909503030403, 0.3764590834499596, 283.74729208886845, 224.62876339513258, 2.6452194878753623, [204.24740891957043, 22.443258385448196, 93.75789962332674]], "12": [-0.1160078376434972, -0.33928659432110286, 132.64363761673107, 160.63348609064815, 1.3450519408556043, [221.8928527868428, 226.2338440450005, 67.15406231804768]], "13": [-0.1813519977200756, 0.4411202312223149, 43.747108717333404, 12.52339961730664, 3.922592999264996, [225.87899097835043, 116.43637051755836, 211.39913632866393]], "14": [0.14574511103207133, 0.03962032374391811, 804.1477999169018, 152.23307353946433, 1.6841739339145378, [15.39394484726299, 56.77639296539387, 213.3199728363979]], "15": [0.14607290645190996, 0.47538881726601345, 1057.2155501496281, 603.1613210427251, 0.4540803836600993, [163.97438041238678, 176.38815701500567, 72.51858453070729]], "16": [0.3242215978105121, 0.4682825289349615, 418.687579403451, 774.040829871323, 3.0214090560995785, [62.28521416799475, 136.14133563992348, 119.08311975435994]], "17": [0.010204681081027012, 0.3824142875119225, 372.0401388528635, 712.5626199177618, 0.9059575155035204, [196.60644283821736, 66.96095906859486, 225.36916279563457]], "18": [-0.3576250000205653, -0.13424458715209475, 1402.3409386730498, 516.6190429867222, 2.970820465227435, [202.29916207042828, 65.45757794986076, 195.22477370589328]], "19": [-0.4883747389999086, 0.27283489470732536, 634.0293508916261, 410.47729591291755, 4.111243592269501, [203.37215558309268, 147.88771525016278, 241.8030659213886]], "20": [0.10480874302822629, -0.18652361248092875, 1036.9763034897778, 511.267510816523, 1.3989139225065939, [232.1384333407936, 220.70302340738303, 238.1534244943285]], "21": [0.49810207754794655, 0.23331274587393536, 1164.0020163571921, 277.3407967820644, 1.2252119905869507, [219.28793955123888, 236.9183162478501, 111.13765901141082]], "22": [-0.26042022075824933, -0.4229466632661868, 1036.7183548144712, 379.4233135731203, 3.4057336815201933, [97.10320467470576, 84.08251636108193, 9.464510244535107]], "23": [-0.03366340109928301, -0.47260734374102964, 757.9504101654178, 541.092775001724, 2.0247289502541808, [248.24111488001049, 3.338798649106009, 176.6302264048244]], "24": [0.44151222724828576, -0.12145395005216675, 147.13230751078615, 159.47230062079097, 3.0942420822252985, [199.36429430682637, 13.426191548924507, 169.10450040298656]], "25": [-0.22656583142275732, -0.456634428637435, 227.98083365303734, 778.5858245525081, 2.9527411187153025, [99.6437692769862, 73.08118704710623, 229.5241040517561]], "26": [0.3496867922715531, -0.0911898987847366, 158.93680860037304, 743.7736582608696, 2.405718525610703, [91.77042700233055, 246.84243287065647, 64.67725049262162]]}