{"0": [0.36931743200738754, -0.21823486951930848, 703.9862466587723, 71.00049660418, 1.7215930213962238, [174.27563288476892, 199.80505929308387, 145.21222237170494]], "1": [-0.1177919814453493, -0.07405725445472267, 239.76340468801453, 605.0305022716719, 0.6052302665773812, [176.83303474162787, 254.6911878246929, 186.25323356395856]], "2": [-0.49047698933561235, -0.49840600344852803, 841.0009673623557, 654.7386455716841, 3.0513112675156195, [215.0992727338578, 169.77627932526272, 63.727817921017184]], "3": [-0.06456585417954352, 0.4245273958382765, 314.4226167499793, 10.52451024633445, 0.35998232938368235, [144.99071346543957, 212.87723658587112, 190.78918996808886]], "4": [0.23385543141005405, -0.265358406062281, 1135.9488271351486, 760.6499153702133, 3.9903318815070126, [213.04606782058775, 4.883097551178895, 26.443814834032654]], "5": [-0.38281557695475465, -0.4238256380223393, 597.3747530469961, 119.67091274066198, 2.496561899870736, [24.70127008104783, 79.80118256664572, 229.18726855481657]], "6": [0.14686482076098661, -0.49586400385742, 9.865564739421266, 98.92371251524388, 1.360768709160662, [113.80700141610438, 1.9141908477393244, 48.2161080881966]], "7": [0.010836319367578895, 0.06566816006800114, 1248.4036343739408, 356.4920960522651, 0.2893762129527844, [187.427501849481, 91.8779469027721, 27.416980497972702]], "8": [-0.039465718222447155, -0.1523222007687246, 4.5435318289779225, 672.2599676809145, 3.839652562590981, [178.5588432108061, 136.3369788896212, 136.48694252166712]], "9": [-0.365619516658546, -0.3962784948713518, 283.6899162300236, 604.7075718171864, 1.0907148925673442, [159.81395538424047, 113.69994607000268, 125.03355623868113]], "10": [0.02645428633874236, -0.45753275214538325, 216.29269265775855, 44.06953312708923, 3.5324206670519653, [136.8096948117987, 169.10788826953137, 90.81598425865688]], "11": [-0.12719798642989788, 0.05734648511524887, 131.41667359741515, 243.7182641492993, 4.425252350005694, [241.5353662747401, 35.69168712431202, 115.38528804520091]], "12": [0.1280471375945813, -0.2244927102965879, 1020.114081219251, 752.1031462691716, 4.125477996300793, [222.42976932414837, 50.191047229115924, 112.14572273884308]], "13": [-0.07208203416728187, -0.4353850895543405, 200.0751291232342, 761.0288243034122, 1.6509065549973805, [23.96309070813766, 189.03991075630069, 33.041970425299155]], "14": [0.27636040093422887, -0.21011454742097302, 603.6430546877081, 581.2228396296751, 3.1496550120363143, [190.15573571022577, 223.92835479992044, 41.52862738452777]], "15": [0.16491742836241785, -0.06683695220159924, 642.3684014121561, 282.3139867420899, 4.640492437239515, [178.12664737540516, 177.5347873486961, 14.417527349449102]], "16": [0.2678327168504063, 0.44091142214797296, 489.71054583783496, 175.0421839954183, 4.144061708094356, [119.71901359653461, 98.76997272583402, 227.54053489615887]], "17": [0.21431778321243133, 0.4262984365008933, 1401.4637626986348, 337.13316856277135, 1.608982733602688, [189.8445793127687, 108.3375868875983, 205.80525812035935]], "18": [0.21770385558264094, -0.34022291765506496, 1392.924645584006, 718.7537594055002, 1.0780310023516564, [208.13832630851897, 245.3168972175528, 188.9882624792043]], "19": [0.1453012961743929, -0.2794662009930895, 269.43807850307473, 499.6774745191181, 0.6480359922593792, [55.781893542986154, 241.61909742966853, 110.5237887227824]], "20": [-0.3326766487797266, -0.1884758054416834, 734.811746816139, 571.7734933216211, 4.072337363012056, [82.76098128350345, 166.33593171502352, 210.82627205633446]], "21": [0.2459199708484967, 0.2833779877150209, 1279.3581090073267, 70.38065164302213, 2.1100756359518007, [94.45077615138918, 79.53101216893914, 74.06443209579436]], "22": [-0.0978656375536675, -0.39829547385368824, 1028.6058230611613, 335.6263721657668, 0.8508397723735722, [125.65206125936791, 226.37056657589963, 106.61683783861992]], "23": [0.04447064235343823, 0.4271923793145831, 577.5739058014093, 441.66031325504116, 4.578866864736923, [24.096648908760347, 47.01841458752483, 225.37368968911767]], "24": [-0.17215145297200107, -0.49243670573394593, 60.69208846890548, 641.1745185805701, 1.6286710028594982, [70.5930027049403, 117.36595390809188, 165.15365993808516]], "25": [0.1846738660642585, 0.23907650722465967, 456.23115183054904, 500.55158943445576, 2.968480406965808, [228.4516924589515, 152.9805293529022, 120.94154540780465]], "26": [-0.37204401467433645, 0.33006403939896234, 1019.7416063387827, 385.1433002264842, 3.149568933486871, [71.4727428917886, 232.2054712988316, 66.84170413080649]]}