{"0": [0.004788622834626111, -0.32949647890011613, 734.1765264903221, 451.69556111267923, 0.272569076403546, [239.49508326556955, 14.194154954095707, 43.283174647941564]], "1": [0.24944052844580045, -0.12406925548051573, 1428.296556074692, 273.9000734850106, 3.7405782383913344, [167.62863501705783, 102.49051997731966, 122.61607710754498]], "2": [0.3393205579006835, 0.20133037535536724, 162.7484432581606, 172.4359839109682, 3.709133032805278, [143.11335318818482, 186.18391762586467, 127.88676791337114]], "3": [0.2562226041015836, -0.4036353101957818, 159.4972100259503, 676.5716400153357, 4.2162038017120835, [241.054622420885, 80.41101421317015, 214.74019996118142]], "4": [-0.14025745002622336, 0.3219952924602476, 294.20941330601283, 582.7427704014016, 4.548447144099299, [76.6478486898715, 115.20562455280619, 9.219097328866011]], "5": [0.47703354829219047, 0.23438759597171988, 641.9261365876549, 193.76868024174766, 1.2809984719629974, [56.16020779680022, 41.20021015291343, 249.82044742352]], "6": [-0.4288023612222267, 0.1448547098004509, 238.78912457437298, 23.722481777634297, 1.999304107280998, [185.97689819746128, 156.05958037810183, 195.2590395562973]], "7": [0.1707049743409529, -0.3559463934107341, 381.8414188770571, 520.2323278324571, 3.5493045384037436, [83.1462136121795, 41.297142405792066, 176.70237663855667]], "8": [0.12004762305103789, 0.1424642869662366, 996.0068416079624, 289.27383027883434, 0.3321531951589446, [135.02285681173552, 231.19637678217518, 125.18055386476136]], "9": [0.026239729914265486, 0.4203545472480188, 1046.0904182671384, 188.89873468173803, 1.572009212598089, [103.51200945984878, 37.91991306566849, 226.7802551736449]], "10": [0.49863143601023896, -0.3832847128702268, 1342.5713553268126, 729.9229090839746, 2.9078629401006295, [55.18445042357133, 120.61917669490842, 159.65409889604348]], "11": [0.2515694199616807, 0.4632766191326917, 667.4931754355921, 786.7656127644395, 3.129999278352848, [113.9450495589113, 120.199787095925, 240.7902746458543]], "12": [0.02351304001386978, -0.25982440362240733, 520.0414027693495, 241.95266740107266, 1.7002958872917247, [103.70081672017437, 158.19410554685504, 31.01887523546469]], "13": [0.07380825550329151, -0.11580020260389068, 514.5131749339688, 37.965465945296906, 4.856143774472789, [19.544841922771415, 251.90675031623877, 155.70748504476543]], "14": [0.22200492376081815, -0.3929071280843077, 1110.2521752197692, 90.5719381893003, 0.5070644563597076, [193.0427716807235, 10.654709629377216, 143.68869975580122]], "15": [-0.15293082225476584, 0.33547954313693495, 1267.773537471181, 138.13584958964756, 2.218580800724782, [197.21284013047057, 69.29770814392384, 60.28677600590127]], "16": [-0.20596765391364136, 0.15778842763256773, 87.1660366686911, 51.30799866754758, 3.503690067527719, [231.37554013622537, 194.78793485308802, 54.73378633552763]], "17": [0.23796356341119862, 0.44454613350660765, 828.8190618919534, 96.71912261549318, 3.4804743904220596, [10.05305073597947, 64.22975743948427, 115.33326181216285]], "18": [0.45142700780032174, 0.20889190050984074, 804.226426204504, 194.94256950645993, 2.6941357170419895, [193.77379314019953, 224.83373426945352, 159.83847764278556]], "19": [0.07815609616112751, 0.29373977264715334, 1163.8781104229627, 167.3485253423265, 2.6662425444488544, [193.29895246876026, 124.85111898469248, 135.1893985151125]], "20": [0.10146233190673482, 0.36133759171758695, 817.2997062258886, 228.56631900126195, 0.26096454383077505, [191.0585268162375, 167.30260832543155, 173.05698285884952]], "21": [-0.16656751959909677, -0.4968308496786551, 1410.499767092485, 52.65299839379196, 4.264758803080152, [58.976784130754304, 147.44705273220075, 228.19981095908227]], "22": [-0.17240169737351996, 0.24781107826493765, 228.67755224408168, 473.5624247196152, 3.48425675225931, [79.16653569635963, 155.37115375674162, 41.820867883993174]], "23": [0.3186968259821704, 0.42043845065903585, 672.9316944424268, 585.6939671782692, 4.535482217496043, [174.12915543802816, 15.237263834716401, 188.1287122312719]], "24": [-0.4565096769971614, -0.1179315131376375, 942.2657738850903, 41.49628063044561, 4.753844749183184, [34.70337623085, 252.02094583976458, 9.43220215422794]], "25": [-0.22197642242931503, 0.4331118563312296, 746.5469838685868, 187.2758614480114, 4.220917244473347, [24.478129137070255, 180.84679754942073, 196.46929134951236]], "26": [-0.1681945271672508, -0.14797546084590885, 995.8542609154874, 640.009252833507, 3.0393279429488795, [214.42939451848926, 167.819007888484, 211.1884580023843]]}