{"0": [0.4174199623941519, 0.43737606317398114, 944.7573906871316, 620.8349813843905, 0.6047832204661929, [60.45098645561631, 88.5861778174516, 94.16718622396324]], "1": [-0.08787467270873595, 0.33053031018698753, 874.1492213516284, 335.431937015664, 0.5925773825539116, [52.757987253892026, 118.32481625322359, 22.132117114839723]], "2": [-0.30062841663929996, 0.14769804496682304, 17.484557322572325, 432.5143508882688, 1.5493538427349085, [2.8474859456973327, 41.54427126692102, 101.3602623276249]], "3": [0.45400474341038133, -0.22647103532407942, 1334.7658938378477, 654.4107478589294, 0.6592137112311847, [161.51358537620905, 242.73079681336606, 117.56555569523437]], "4": [-0.21794841546749122, 0.17184197069842433, 425.241659740997, 366.55489246151876, 0.41488028013066724, [75.7461290894148, 163.67047627451004, 254.5693375823857]], "5": [0.13226196156464154, -0.23838124874275757, 1076.2831088283388, 280.71182858892377, 0.7362892390700237, [238.70435566910837, 157.33803379796288, 133.93133003888087]], "6": [0.18895740652035942, -0.18723054018379548, 993.949147168619, 307.9036626498871, 4.212520602296718, [84.85074762600242, 109.93160593122683, 237.92228710928484]], "7": [-0.2540647252301591, -0.40227702162172474, 1223.7821682599701, 183.9543954743399, 3.7145505398042618, [245.9633568507786, 202.09572154084884, 74.59394522308844]], "8": [-0.28175029894673587, 0.488627490408751, 377.4053347845891, 490.5921456793874, 1.5762979397920374, [90.98385052791858, 231.82154518250573, 31.666285766635895]], "9": [-0.30354495593059205, -0.36013653601089146, 937.9995965843989, 181.6703136964044, 3.115261622208694, [100.41012628181906, 50.67921800861626, 243.31223775801467]], "10": [0.08602129024359484, -0.4934074981013571, 1235.0400323352587, 530.5090077744054, 3.1078768912221513, [215.546376900461, 107.69885996181586, 68.9490023524297]], "11": [0.31605420464123524, 0.4406499050599203, 1375.476718372746, 519.4178964368225, 4.916129076360614, [50.312095773351835, 134.6796039858982, 244.7694224710721]], "12": [0.3924023834852789, -0.4963564375462647, 253.24869637172324, 56.67466142095341, 4.076363208230357, [26.476208833458333, 44.64404217313141, 237.41822271494044]], "13": [-0.4079514491367735, -0.04573167904952935, 1110.4778251576315, 442.3209108733791, 0.4244713842466674, [36.779383825260155, 219.79921032906856, 246.76672923637028]], "14": [0.22845021204753457, 0.18633653631093394, 137.83761273986602, 60.63398056782576, 3.5343453826505806, [147.83440609612614, 58.24142609564675, 85.90691109768824]], "15": [-0.129537465314576, 0.2686070916836333, 1349.8383424102478, 395.36886569593213, 1.1778094378013586, [67.212030042877, 199.3411207968571, 230.9038437976346]], "16": [0.35481746726731733, 0.036233193212809045, 1183.815611197157, 632.3176476875307, 4.553766193856483, [193.86827281938847, 21.921341775558382, 227.03380823391072]], "17": [0.43527647229031796, -0.21507655830943373, 616.810913370642, 549.7323166094438, 1.1313559466929828, [145.90934523710962, 1.9703042878983945, 61.484921882835025]], "18": [-0.18155663922158882, -0.2468004337932782, 395.5882341656946, 571.730065156634, 2.4228860561192316, [225.47220258637995, 111.43473362400634, 23.65257534817311]], "19": [-0.3827847109958845, 0.04440186204595287, 342.8650019006971, 564.9781479241957, 1.7841984106402164, [42.47101206389373, 204.51871865636738, 4.1196732648395]], "20": [-0.23792502401513616, -0.24046952464490112, 238.9502557710913, 513.138636892221, 1.080792177170803, [80.23640346537981, 155.38129403856496, 94.04857769056059]], "21": [0.15205499673667677, -0.3935466526360517, 244.5708763155016, 510.70094359288964, 1.8581304041088853, [21.79845119543585, 111.82550407544971, 143.65377664993264]], "22": [-0.39502136445556524, -0.23579151470190873, 868.3666060710502, 463.4988856159094, 1.704447673589136, [81.53425812665428, 99.01212647635435, 75.31903907589232]], "23": [-0.1011362344150245, 0.33627217346033755, 702.7011854622997, 414.8979803654006, 2.673466237381393, [196.55930351540945, 175.2938550219728, 167.62288365929015]], "24": [-0.49312379985747556, -0.39850065015505154, 728.4420740880712, 658.1272296598626, 0.9849595348236923, [120.47775246167156, 49.91727966460209, 227.57315409395662]], "25": [-0.10351213887992139, 0.022332023300152604, 753.1419860191322, 700.7704216169573, 2.3135950719885057, [83.28227314465633, 2.0857689786949374, 228.5988475404307]], "26": [-0.3181160857428491, 0.2555038497151124, 818.5171715467834, 482.327556767507, 0.1924701664110645, [132.51989786829463, 164.28323777571944, 248.88018485726604]]}