{"0": [0.4115639555935098, -0.30424084198615176, 642.5742549345644, 224.4039960067843, 3.448436976334637, [196.37383413542418, 87.03560912172894, 249.00524301000962]], "1": [-0.24498507023255156, -0.2925102180293524, 1364.5103556135198, 225.3437579184509, 4.395221516869837, [38.60351366336245, 170.30397667490354, 83.05962096254278]], "2": [-0.23530817253046266, 0.08403208820730168, 349.22917819957144, 137.47793879561553, 1.1766834757897677, [250.0110809034819, 253.97914023727907, 52.121597197489685]], "3": [0.31062780166063286, -0.2221699413981244, 1050.0297758782308, 134.9371536060117, 1.1103689285927998, [214.55473072123456, 131.32788372865505, 75.94219276462422]], "4": [-0.14920124172691307, 0.21205783721170968, 913.1860242423536, 198.8807318212885, 1.9393881765387926, [8.446300341988948, 93.23281408911912, 97.35746177491956]], "5": [0.45823932510908116, 0.2528478324204877, 549.833000559234, 84.77580513628453, 1.3343806604030406, [61.26304862668015, 145.21769341738417, 40.804395402441386]], "6": [-0.31512716973978205, 0.34516493168490836, 38.903988913212544, 572.3095508152521, 1.0171005226084495, [92.29830800183497, 45.72762468945232, 119.3910554800574]], "7": [-0.2967244278221556, 0.012611470695295113, 1434.2919169361408, 56.4602864445674, 3.933089105126706, [248.4596784679723, 70.27067634355797, 114.22199742684525]], "8": [-0.1445934977515475, 0.05766532923082546, 588.9221409378544, 304.06328655249365, 3.375873057001365, [95.53470975141333, 132.21198412493453, 179.70383989157162]], "9": [0.11371080939449751, -0.4798028815690689, 84.234184877284, 576.7951944740851, 0.003686135240952848, [195.5608841090209, 52.00271860074876, 92.36907537314292]], "10": [0.07921313834325261, -0.2744482963895549, 1435.2722744824073, 223.26606813071362, 4.849390103627673, [128.07185768470572, 152.70391226965342, 35.20664419483581]], "11": [-0.28007978548644163, 0.14332904385557643, 721.7446721252575, 397.42550409807524, 3.5965580154034575, [242.9561828685128, 72.16775494399651, 146.7193052496458]], "12": [0.4749972514081543, -0.003322722686381896, 1250.089957895929, 130.521238831645, 3.8178703314999787, [31.034596298349655, 17.176987781526776, 143.1328817703998]], "13": [-0.04101952637586492, 0.4603634136958157, 841.5365495912423, 289.9728931740576, 3.804723955145178, [135.57112900303002, 128.4226043422646, 13.163723140363436]], "14": [0.1645923511036067, -0.3765959483587725, 564.6064572554801, 113.48891819921106, 1.637323708801799, [76.34037170077615, 184.85858163230856, 80.93387072853727]], "15": [0.014165468824384853, -0.3039323536820021, 14.362752064560631, 136.40811274884373, 4.0989929456805925, [233.7068753306574, 97.91662786783172, 93.97638914205218]], "16": [-0.07050988207335696, -0.24586322255240467, 1179.0761026023035, 747.8077524213373, 3.4357141110500997, [165.83878420768104, 193.22735214088232, 130.82952801959195]], "17": [-0.2726602104848824, -0.09956828676948004, 1434.7009205814043, 50.715965169936354, 1.210180294111809, [173.45451883116434, 130.755168390234, 234.8086117761451]], "18": [0.2752249817367508, -0.17354997132002525, 1287.5654553483862, 415.6114749716789, 2.1834605651343675, [38.79274448950187, 110.83695793351853, 210.98941449257057]], "19": [0.4776564369879256, 0.4287905903560062, 29.12826504884137, 243.7666879463185, 1.4825425186708352, [80.34489950272865, 114.99558961540303, 108.18729538828408]], "20": [-0.49070556096160445, 0.2162662976201395, 167.55451056828446, 770.1033074898794, 4.265527844869006, [198.76509379111604, 158.27619668931447, 195.13084658813096]], "21": [0.16152205752340065, -0.4671881196675677, 140.62969755412905, 606.6239964674954, 3.5619561230360812, [31.885832570968937, 239.58260180826503, 42.751228092496866]], "22": [0.38563831000651294, -0.41820538897340165, 869.4936221120752, 208.47990368245598, 0.2628875199158198, [20.449767333445436, 149.76101290529064, 205.70111037949303]], "23": [-0.3229021589189558, 0.09000678006900298, 866.9006345239907, 47.63719356135496, 3.578903203511553, [96.25615733151102, 210.42768368252607, 37.71231382657026]], "24": [0.21665888263192867, 0.41204953384423404, 1136.808219567311, 201.66791884053, 0.5162147141187035, [173.10129808883778, 237.66017970462667, 36.6181457755944]], "25": [0.13617134925475116, 0.1839620999419178, 813.1535484672604, 555.6243610221179, 0.7139123038040529, [201.93324833834154, 173.14885607144572, 186.96588376438797]], "26": [-0.018020530398172974, -0.0757249385997728, 553.3360055858029, 682.201157917062, 1.4805598867162555, [164.13222466323725, 125.90488359027734, 51.4950245761513]]}