{"0": [-0.24531018939501148, 0.355259089093764, 1340.45523565277, 708.6160364486398, 2.788805591135421, [205.73535089077768, 27.268385141394067, 242.1834295718255]], "1": [0.1533165478470041, -0.4059871168044369, 409.23481100933515, 233.73322337119714, 3.8451644613958558, [114.39130476931429, 182.70108428219157, 82.50200256422572]], "2": [0.21741282496194814, -0.3026377226932827, 42.77820679990967, 61.43809518964769, 4.905971396189751, [121.29804808214146, 110.32208449112406, 211.0383013800503]], "3": [0.42783972259085334, -0.3846363499188995, 531.8392433201061, 239.92411528098526, 4.22727391785413, [127.25623967195801, 98.2595045133011, 123.38915087359688]], "4": [-0.4007867668827664, 0.34473138052550945, 1077.0648793229757, 602.4181097988381, 2.990584559112638, [24.71564882743907, 123.15541700183648, 164.80566328782638]], "5": [0.3527374518808164, -0.06277502004734248, 1366.2774070553596, 337.95039286994023, 4.693504753171165, [213.86077816582855, 13.55002144980785, 24.909308281550377]], "6": [0.29810193316269773, -0.30928134304594934, 815.8895825414027, 497.08695492024464, 2.7006366724897712, [114.93803337616029, 246.18601924192174, 201.3841383391152]], "7": [0.025387022942215842, 0.061727231394753335, 1222.5287620447039, 249.74832535510717, 1.56653521789057, [175.4171776057924, 78.89559288738131, 62.54023168069396]], "8": [-0.28620598062919733, 0.18024614773046266, 15.066482021323075, 792.9150884068184, 2.1440089034090586, [164.035460165766, 192.4748141101028, 237.65645389635225]], "9": [0.1752047911638226, -0.2606058731831603, 496.9950901073389, 586.8357062224125, 4.386319441051166, [28.323765089510665, 56.035438446078224, 80.60948305247786]], "10": [0.1843807021513535, -0.16957149563071372, 879.2695055536362, 542.7931059061323, 4.722712386019207, [246.0828142569662, 115.14051816112249, 10.67083471535978]], "11": [-0.45286565282879576, -0.18927904302249265, 589.0243243513163, 419.1220122792433, 2.597262819586224, [161.34011099052395, 35.22832043791494, 3.9409329584770743]], "12": [0.4038390718639411, -0.36379253222317987, 155.4569754431028, 650.850540807227, 0.8156436335088257, [57.52228351412073, 109.59747641495308, 120.03245478806446]], "13": [-0.45113483150237343, -0.19308197922285542, 930.7999448884414, 560.005377609385, 2.897224752020368, [81.74487960619956, 122.14720054435931, 43.82379601908773]], "14": [-0.25691289483932866, -0.11080711228662621, 1177.6708008355588, 707.4999705914147, 0.38954239147199254, [87.09512570304885, 169.12538725068626, 180.3956518149565]], "15": [-0.23159289334489275, -0.08543463682111774, 277.987106694114, 615.0005297082546, 0.08600928698076438, [151.7469312136584, 11.778842174280316, 233.0654085943115]], "16": [0.19659959743669053, 0.2678637892157587, 294.7069371316423, 544.3700766835668, 2.8024771884486848, [24.190386419549615, 50.10464623837658, 251.38388696339896]], "17": [-0.38282860147306863, -0.348328934439058, 83.31432719403922, 226.01335112661252, 2.3696065662430206, [12.512589245326751, 138.36194645320055, 88.65060316866904]], "18": [0.3814864740349778, 0.2452038847661806, 391.5256684008595, 761.210622340078, 0.4749122304260067, [184.14727894386067, 66.5504200240405, 186.93320523846447]], "19": [-0.46666721035102166, -0.2846383523547268, 782.9545090809484, 710.7811199489638, 3.6789872815249396, [24.45133486546469, 134.04761153375355, 155.3761785598366]], "20": [0.37450412704751224, -0.44620123827813296, 663.2842843364341, 345.19262860076685, 4.085460519445317, [5.285898749055992, 226.5550446420257, 230.20835676852178]], "21": [0.4368462964948471, 0.31939072747913344, 1366.6347831235407, 720.4898657374133, 1.292548268435757, [20.556486285214636, 195.1644108161292, 191.56975389279344]], "22": [-0.080401526059514, 0.31483541075340193, 370.08288182201096, 176.84920842480648, 3.475485766859745, [88.84388643573755, 92.7947027559819, 24.582922961899257]], "23": [-0.2486608596467086, -0.3163721327488147, 339.6981110219299, 685.4167039806621, 3.585412366644796, [53.2485933885309, 208.30511296906042, 149.36419130461505]], "24": [0.12877547537011447, -0.03718248710806016, 643.3718141389213, 188.15970670506417, 3.17568550098861, [17.29685290259382, 215.87358929546167, 155.18325491863317]], "25": [0.2933361632805892, -0.20212825939955803, 447.8092078199855, 504.36577624012904, 2.2818747944661184, [37.38613732473044, 71.56505160328881, 58.70582096129054]], "26": [0.026006782983324706, -0.19618162250088222, 1020.9240694543979, 439.2760245047239, 2.4492399224724934, [196.41810018603525, 119.28287982688934, 1.7254990407518556]]}