{"0": [-0.1224065422176972, -0.30609428353883605, 443.605617978723, 562.7264515631423, 3.3225941441426095, [132.54846645061303, 40.100753407390044, 204.68309369891386]], "1": [-0.24809592360521182, -0.1730728340364729, 1231.4820456413775, 531.0379681307477, 3.51259756284052, [232.21575605395932, 14.431090587582517, 82.88430090903769]], "2": [0.006975289903799031, -0.2808924318748417, 335.3433963287425, 444.85599510993427, 3.737889160954109, [240.77019361825714, 63.33408728844527, 53.4318103488848]], "3": [-0.026815263446528737, -0.39007992448123807, 364.29509717672835, 527.6926176992412, 0.030230920895649716, [84.72484461543185, 124.60572946305047, 115.93118242861458]], "4": [0.2600944712740766, 0.13239487510508474, 1150.3993569828588, 548.3499602136019, 1.4740050334658812, [139.8892708036006, 52.76829799086361, 184.6870317887631]], "5": [0.3179068689788407, -0.31612301026153744, 79.97100205729346, 28.313622814500494, 3.9611798702884924, [136.3081644235413, 237.38182460814082, 91.99440645207874]], "6": [0.1305744734338663, 0.42476538808199826, 1293.8885304539824, 707.6333642751034, 1.7517411580284303, [59.3576958542137, 182.9825769066646, 72.13919737756648]], "7": [-0.4047130590769574, 0.08810657597535554, 1320.7630888839592, 105.9427191071145, 0.6895427662542203, [202.94855406027924, 94.61525424917961, 215.3505942179332]], "8": [0.05673283567636023, 0.05134142227564431, 1365.531608628931, 776.5077318700088, 0.393564515721217, [225.14769123369868, 124.707992517129, 89.18199396067037]], "9": [0.23142611999462082, -0.2951297982351996, 1133.3176682612816, 473.26819312079823, 1.0434225581787087, [99.15231977338149, 46.57824630151967, 132.94553770230848]], "10": [-0.1450936892023067, 0.1916952167998166, 909.6700543663783, 279.2721538842135, 0.30426852395679993, [85.16667867470547, 12.8328484463023, 176.47249158179426]], "11": [0.031067896863327338, -0.06959086815740556, 1342.7585339282746, 289.2335758935808, 0.709912311359373, [100.46228039042005, 54.53596358780796, 181.66186479172097]], "12": [-0.46881098305062274, 0.45720713750693454, 178.85379219517995, 682.2252746877812, 2.0842878754960097, [235.78690263010148, 236.22337695927988, 190.58226823711158]], "13": [-0.1612297747455521, -0.08936638552043163, 527.9750196285581, 772.5409088732205, 3.809303716956669, [30.81429780975277, 148.03979697477888, 22.188010833284384]], "14": [0.44912115907417327, 0.4225576300097422, 14.770577856320273, 659.1502056960782, 2.324424030644127, [50.68194351976372, 59.66236939360031, 251.02730095744533]], "15": [-0.15967225888943537, -0.15522097196867057, 236.40987567145248, 755.0205327686588, 1.0463419894962334, [240.27960163814103, 230.7023394044398, 82.18805802777905]], "16": [-0.4019440535562553, -0.13637910557468635, 831.617076412134, 561.2604833523799, 0.8698141749579119, [142.6737856637923, 201.4350276287493, 237.2046894213785]], "17": [0.48330486516792515, -0.10922327266619392, 1356.1645629622124, 202.37373722171446, 1.508942347894357, [98.43404785014049, 2.7699469624859274, 56.48088579546537]], "18": [-0.3616314712931453, -0.2227403309448821, 1064.9042438133054, 561.552849150966, 0.6646702992284959, [252.38568774301723, 158.87389404515162, 202.63416511592192]], "19": [0.15547187888477265, -0.3457430809989416, 438.4701424046069, 583.8510548055806, 0.539027285980691, [236.53028862289213, 231.1159393077826, 57.32372041311612]], "20": [0.31107492180039353, 0.3217067680245602, 206.08432054516032, 688.177527906159, 4.60838889658495, [155.27979475474177, 13.917587330844649, 213.48434995687444]], "21": [-0.10127018387433995, -0.16866487930091256, 91.62271848628191, 571.7927801356309, 4.558165866892374, [103.32861756282341, 11.73721182674537, 20.766052972905538]], "22": [-0.4542475972148565, 0.14089821926712653, 858.9669887899502, 796.8532255202886, 0.7146844558323662, [234.81889394203705, 168.18445909003714, 84.53509588215897]], "23": [-0.121662885800496, 0.34402983224803096, 553.6565814141978, 321.3162918996826, 1.4276957688119873, [112.38071661950755, 129.78377942564094, 245.06300927371348]], "24": [0.2776146069284431, -0.3095308864217827, 248.8806338880041, 374.49482168861266, 4.031957704493033, [210.85394292357097, 248.88239946226062, 48.64120395174926]], "25": [0.4416741163162946, 0.17389807957968073, 1025.8514450733505, 185.35346360404566, 1.5062077109873073, [137.08384157904533, 37.360123393984686, 84.67798536732424]], "26": [0.13728036891032558, 0.14628356144555632, 661.9219000378348, 628.3418182703358, 4.796443063264836, [42.09962222374954, 132.12496149758147, 48.3926902064838]]}