{"0": [-0.4653442399753811, -0.4578988437154615, 951.3869671966233, 574.738591802871, 2.4075450144197252, [55.68826397170459, 38.41298824701751, 16.076156577721868]], "1": [-0.11930542549186784, -0.1999871446880882, 791.9628673456405, 785.8600339465359, 0.006114306790593882, [4.251450544844595, 96.06984170694817, 212.5844568472497]], "2": [-0.19233157627057818, -0.03420384903156526, 304.32903452515444, 571.2351010325468, 0.7913321682344326, [185.72112010502084, 11.30767136432475, 254.069947315938]], "3": [-0.41102148037673236, -0.25391448093116775, 720.8984046872499, 269.2939677276148, 0.6060715216373119, [161.3460683023015, 79.42231628890332, 128.02212094933054]], "4": [0.3785287932240494, 0.14443748011069035, 926.7701585180697, 351.79490790381817, 0.6571843303155817, [13.183789514307806, 172.65397484907857, 240.731700798229]], "5": [0.09956988103499553, -0.209467234847035, 526.5798284173649, 445.80735666517876, 3.240505612158511, [239.8288586223641, 181.26302763238468, 162.24115814394492]], "6": [0.27394235511053966, -0.3825313544291711, 1341.440911349522, 415.91712931710924, 3.0911760375758837, [147.08754068159908, 31.70421126851303, 229.25685096954456]], "7": [0.04652763589030595, 0.25452367810365983, 618.5605998245717, 348.37386668249684, 4.6812445273464105, [55.86384705654826, 159.5839615273104, 171.19696526884465]], "8": [0.07279255844473631, 0.46522526947559983, 410.5557374404027, 480.7879581473309, 4.51743130776183, [130.8459172361001, 60.59424918776724, 138.88012247997688]], "9": [-0.04492052136338698, 0.4726012815064603, 1401.2230532923872, 262.3009213838578, 3.7091952753949284, [142.2964468163555, 127.05518275575672, 149.52143783055436]], "10": [-0.1367993565618768, 0.2942555261516966, 1045.9747810304973, 397.9503775134388, 0.6267239354120469, [81.76816470994564, 234.51737608613664, 168.32263323573338]], "11": [0.3762194112341317, 0.3461918650608584, 1186.1296825198135, 56.37215751318703, 4.118864666902592, [126.29014995659155, 12.612342921057623, 11.33191965116204]], "12": [-0.3792475023286731, -0.33143454394775007, 80.32805680278545, 659.5359900762018, 2.8511097097604936, [2.3321242800275988, 143.76009425582993, 39.23043719945538]], "13": [-0.40204108430596075, -0.48501389631551006, 950.7800812186283, 355.3721688134074, 0.074059530918556, [176.54818129701178, 227.71553576033998, 79.28489460653785]], "14": [-0.35664010305988514, -0.41749412935875063, 104.92448775640926, 493.3007211108127, 3.627837463651114, [22.327604686680427, 36.804696674876205, 85.1422728492892]], "15": [0.46384477011015557, 0.3947152389901658, 1368.9753318939706, 476.40554940309335, 1.2844603274059625, [122.12871092273616, 243.32525352545275, 154.3744643257194]], "16": [0.24865006466240336, 0.3824954876527503, 530.6824834347, 169.51131701265325, 3.2684859959892734, [74.70789387522669, 65.70483867080283, 117.19906754518777]], "17": [-0.30866614939878534, -0.008559913915387574, 325.8765629519257, 152.04970679276465, 2.6327046690952747, [82.41338780307854, 39.66222762341237, 117.06972086757311]], "18": [-0.19281487525116503, -0.023774106531971095, 1039.6145406462942, 219.52629811870298, 3.23866438901429, [103.66796133158729, 177.35126560102862, 203.9672476888926]], "19": [0.22865934329244053, -0.3020827733980871, 1271.9628744658532, 83.29789998579872, 3.2025909337821474, [153.12412840975236, 226.61088674938415, 118.84363527187982]], "20": [-0.27037413096236784, -0.37667950540082107, 1073.5147503293922, 17.48005354870088, 3.9746015382292117, [139.91442920710583, 19.06330879605328, 24.295502054097984]], "21": [-0.2854382533193308, -0.1804086162825046, 193.6259093747136, 365.73834330242596, 1.7918750859113952, [185.58542518220614, 133.6514086428551, 84.60170359873713]], "22": [-0.4029905323218994, 0.35693448196837874, 831.1128643498243, 143.43467980710915, 3.6524699736549477, [201.46514737426597, 172.85742053796633, 174.95940224435867]], "23": [0.14316673608002173, 0.4113933662866279, 1049.5585968469268, 301.7263634152937, 0.7928628697859258, [2.248818045014182, 129.65270715836195, 78.58067806527873]], "24": [0.305142811423914, 0.060742144227677985, 294.5018051297206, 227.0503525039536, 4.38421629340174, [161.55234156373996, 250.92897026941026, 52.598297720021485]], "25": [-0.29026380648598693, -0.4520195920359008, 1319.69297527846, 651.0724012693281, 4.09740380096076, [108.63949155083118, 124.9293621005118, 24.060293849978045]], "26": [-0.32091707258701496, 0.4084722979981308, 395.2191807472256, 784.1448172702726, 0.26317349339515295, [241.6818964681193, 75.90858950735826, 73.45113920418733]]}