{"0": [0.45559744998516183, -0.13352689802109086, 1418.2343172459914, 749.9156150013462, 2.439561425058484, [136.23664886120267, 79.83088122515079, 174.20360604462778]], "1": [-0.3389661462764407, 0.3710534057893977, 417.2137448029018, 682.277271528476, 2.3204213488540897, [86.94071594220114, 92.49871786321468, 53.23724354737486]], "2": [0.4118978994670126, -0.48185916897193715, 1247.5664891279907, 599.3495114252875, 1.0729431715458633, [29.274903570801328, 25.83612239001914, 20.871454595348705]], "3": [0.11262910390682579, 0.41636253326645645, 956.5737536264985, 459.04715700049303, 0.04342540453257826, [225.4546778563123, 11.340830047464335, 83.4005629117679]], "4": [0.1969072693653232, 0.22881802446132782, 190.23969220198214, 448.27673073676647, 1.1502181187289806, [33.51859371052518, 103.59772443535206, 190.35949396922175]], "5": [0.38236062719519026, -0.33364234339029464, 252.17579086750973, 506.52847899040034, 2.063952613729545, [137.32455205180327, 214.9820899578443, 231.2065087150556]], "6": [0.04552688360327806, -0.4665231143418853, 509.75806169358765, 777.949205736687, 0.7945215846516002, [230.69237486237898, 60.554938167355935, 216.80699168010258]], "7": [0.047384007195284905, 0.09979824318629471, 723.2993788579719, 303.6137626495182, 1.5699430415931888, [116.21936937343126, 164.0699641995547, 248.99025166922084]], "8": [-0.031700107530761135, 0.475473154994309, 771.4802359617327, 201.77492533785878, 4.280761212574258, [138.26404511359783, 116.6504701306769, 78.78942314138926]], "9": [-0.211499270646754, -0.12108203950155694, 99.17049567640245, 640.3597141185313, 1.3745688026544216, [41.12986124521929, 174.797465298997, 91.43267286638981]], "10": [-0.3610544307730159, 0.4919154103004646, 809.2835921933386, 190.9483330569375, 2.167022962319485, [10.782773283157018, 205.59645418243883, 28.127536201989063]], "11": [-0.4577745406803685, -0.12001962177557168, 383.8141937663746, 496.61997092571016, 4.500445373252228, [176.26103561894868, 67.13787768684887, 139.2127248417512]], "12": [-0.4890110363068374, -0.09491960342397676, 167.00432881397245, 279.95437824757204, 0.08670469358668942, [164.21519556889098, 165.77934007686866, 219.96993439197894]], "13": [0.23084831242575643, -0.08766330065134331, 1025.753939141677, 357.8484488806228, 3.6513978266332088, [55.13791225481459, 201.768390360849, 165.66896380539745]], "14": [0.44011113148940306, 0.20032402828454554, 1027.792858519254, 564.611674184918, 1.5819816697330158, [55.83944944218595, 141.56291589788833, 190.34607486666997]], "15": [0.4032582883198207, 0.16005359487102833, 559.820703996959, 781.5900796800767, 3.2738587555285696, [112.14412023293853, 118.98376484771137, 239.7947175008121]], "16": [0.4511001301694577, 0.29697657816580336, 992.1189491259946, 231.35993197927033, 2.1865606900355816, [71.89525444904595, 58.39049165233516, 61.11459843173471]], "17": [-0.42787794381695377, -0.4647680874276763, 579.6468643732057, 779.5198986187096, 3.4545160015284164, [174.7074552962438, 5.935322419211143, 28.46764586315296]], "18": [-0.493491843233793, -0.45270687487435857, 265.11180950324336, 565.3384147107856, 4.332829032610402, [15.059002937432366, 5.557214791154569, 175.25082891491894]], "19": [0.2845899614423125, -0.03952273401219786, 1272.8504706442816, 152.13024283949014, 4.2214402154269, [238.51788211850123, 84.28007164045, 88.47058274278028]], "20": [0.12502995618490764, 0.07255982194375588, 814.8365396054432, 97.76645413343843, 0.4061483365436591, [74.48217750528401, 32.61290186839148, 8.730861973158431]], "21": [0.09380083217580337, 0.2998530375230497, 1303.475588570877, 117.58434915648203, 3.16919791613964, [76.12802498116524, 154.21469084947742, 195.2847133223434]], "22": [-0.4647140262202263, -0.03591360181475389, 64.52642952797241, 403.38803481477174, 0.8799602054771349, [175.67987344308457, 186.86578111576662, 89.50067362292874]], "23": [-0.19098801044939018, 0.2990349498510976, 255.66252367037004, 794.2507306540833, 1.7937419473967264, [164.70855218155776, 47.11774284604017, 11.984495851013474]], "24": [0.012692433702107708, -0.3536087903210068, 1149.006119809633, 340.2408633584566, 4.4433790195772085, [66.27670195208987, 115.53305997342787, 159.77594899944359]], "25": [0.06488070806349489, 0.09772925652236242, 989.7785048427573, 582.4444810333036, 0.2546236742044833, [48.326005162865464, 59.832569901263234, 29.798726325051657]], "26": [-0.423824453017142, 0.11071010099990353, 561.0867601872562, 351.8174346761249, 3.102926163989326, [59.62036731916383, 172.71083606439626, 170.82327551776794]]}