{"0": [-0.42581561379315536, 0.1853911089159005, 647.5829019794201, 740.7966726392668, 4.185675668431961, [226.2884290708471, 35.67302276401575, 16.686686801914796]], "1": [-0.04060097796518336, 0.3266538496450947, 23.290395081247137, 246.9936689502285, 2.090988098261874, [2.446282171423034, 100.1980458609874, 2.763748161694877]], "2": [0.4065397657834393, -0.08755218870723125, 1398.6481192476026, 799.47298841105, 1.5288428996456878, [254.2133270222059, 237.73851398566336, 95.95032529350733]], "3": [-0.27910436827154605, -0.4363633993743731, 163.27929571235018, 794.8276499546183, 3.3558733987831646, [62.22333916316779, 185.92218711793566, 187.9612653606305]], "4": [0.09929147336065725, -0.27565270898768435, 624.3552494504786, 684.4528942797818, 1.909905263431676, [38.07768516636288, 176.97302717842123, 191.79339389815598]], "5": [0.18773647277365302, -0.23503493020273925, 777.9889812060517, 703.7213599439742, 0.04191323985469675, [71.03280411368786, 151.94132503177352, 137.69425684771602]], "6": [0.3368683634206975, 0.09922196577169184, 402.708876095367, 534.5333335714248, 4.614997929790514, [240.48484713398915, 1.0196468333431552, 91.34151170704762]], "7": [0.29599494936828874, -0.30727179249469205, 510.90456974141335, 107.46745500000712, 2.4162034757303035, [159.20231173807704, 68.70511341477099, 254.84714224161817]], "8": [-0.19626568007234835, 0.14510666892391078, 1130.9802348036503, 309.34197691016243, 0.6358104770559703, [24.90409894972851, 156.17573313420223, 14.243779487144707]], "9": [-0.14468382456949214, -0.35684783060762937, 675.2929102794151, 737.5123079577805, 4.309222636316194, [157.14101733602322, 14.738098652722664, 235.53560937034598]], "10": [-0.18297667169263476, 0.21750857511556831, 618.2639744812335, 207.8289537878491, 1.665843450468238, [101.21550979029483, 191.44861722674776, 174.86475413719884]], "11": [0.1497018047323324, -0.15958150113369085, 646.3037082438412, 730.5630167676035, 3.5871832601988918, [77.04760354272241, 97.21559849757922, 139.88341442527667]], "12": [0.03584498802421687, 0.34401176091494545, 773.9832980030661, 636.7178467749067, 1.683111922870718, [174.48260945073952, 30.837708923161976, 237.18633203528108]], "13": [-0.04611127309480567, 0.15638171444220395, 756.3953908468894, 501.70531426159084, 3.762542764162223, [140.67030864214186, 237.23972582379255, 137.5193253968086]], "14": [0.1282373042353765, -0.2676022004874551, 634.2047561561918, 585.6291818251449, 4.141325099481356, [140.2919256474323, 211.33706451826788, 157.83710654971838]], "15": [0.3935189929584717, 0.08498295707276349, 1228.8611445716097, 549.6216273672768, 3.52695665725645, [159.34754546553637, 55.18308613564695, 51.75356036577335]], "16": [-0.4041421342237883, -0.38630741580798256, 816.6635697045682, 14.645898200184426, 4.998689290190125, [65.35783364709887, 182.8488395904387, 191.575254065445]], "17": [-0.3339719609106899, 0.06457139142453328, 333.8660340058487, 468.5962304766837, 1.4478381867092431, [154.35751534160832, 134.46538678617551, 147.84491050629632]], "18": [-0.016325558019388398, 0.20452177923813508, 829.8653215407682, 213.27003100193417, 3.148665207715831, [133.03514956489207, 153.57138588005643, 193.53451863725536]], "19": [0.31304762264872976, 0.4848560717732625, 16.964782541226082, 453.8910769466342, 3.647054320850967, [127.33124559840473, 234.3704277654487, 104.28214580041994]], "20": [0.2314170181791423, -0.3471697715740839, 1112.34129040363, 202.73543994573683, 3.4385519015095314, [108.11177576591658, 103.24868108411515, 225.71396180592038]], "21": [-0.340640639222095, -0.38751756886343036, 1005.8373940466932, 338.086157658735, 2.41711730428655, [31.99626708295706, 142.363897573726, 12.367460465937675]], "22": [-0.33258508894493133, -0.35168720916287477, 986.5477377003947, 715.9504440457534, 0.051805325508190725, [185.77966147580926, 233.86871448909164, 136.75373387703914]], "23": [-0.2608731528465763, -0.08222269963770934, 1141.242620657694, 711.8860777508338, 2.713459737553285, [143.09805466996502, 42.752576688238264, 149.9577416040213]], "24": [0.11470784171761828, 0.255255791233886, 1010.6631909933643, 540.025863409143, 0.012590516833456133, [80.66318725521263, 251.63907991497774, 9.079866397215502]], "25": [-0.20285079302290032, 0.009118516122592846, 1000.5500507730078, 585.4503902616613, 0.3137346675013075, [143.82124245067635, 170.6861347020396, 128.13465970741203]], "26": [-0.026260043152626422, 0.039528064609015146, 189.29017689384335, 579.517263783864, 1.817110071906483, [5.7581896455348245, 142.24686708925168, 238.98712538851208]]}