{"0": [-0.05903183581221072, -0.3528312015762497, 1271.5485076706439, 212.48569953915234, 0.8641803056880482, [84.08098621483089, 148.00531785641832, 132.03481086329143]], "1": [-0.24509904282674855, 0.3676206874101342, 42.5832116861805, 432.8532012990787, 0.22349550614702562, [128.60609299665057, 227.69721667441823, 57.109144023482116]], "2": [0.27811408984842867, -0.4546742247729322, 634.7717345273801, 175.31904552859058, 4.5402451023814185, [15.812111111299934, 78.63311788174691, 250.74821827731643]], "3": [0.2538075473838681, -0.46512079330489975, 562.8999123666594, 704.3296917407253, 2.930046628722511, [237.12796822229856, 240.5441791684764, 143.58466315643278]], "4": [0.4196596793593652, 0.2650720139271576, 924.1673648613901, 502.71439774081574, 4.4001603005345435, [86.81874400488081, 72.46781264290298, 6.640089647339195]], "5": [0.03819076810202926, -0.1679603022332734, 878.2550914709717, 387.7485744632855, 0.8151716729183545, [120.52945398227244, 78.98021269729013, 240.05525680781952]], "6": [0.30951423798101474, 0.2463437988532161, 316.8972375544168, 621.9984000228906, 4.2725626591133175, [201.42479291863273, 134.24856288525268, 59.762467636113186]], "7": [0.37538790021833934, 0.17066830213806605, 600.1962839913479, 418.47473252604493, 2.0035809175716417, [93.48953892918543, 208.1087331089813, 25.71667120081434]], "8": [-0.25508640943716754, -0.1027591763976411, 25.734772876149563, 17.387463501888067, 2.951356560856862, [111.99454180189623, 32.67368531325591, 36.22862490329867]], "9": [0.25340329146494955, -0.30303838530174765, 796.5272207427053, 303.58878427379136, 0.7453842269086725, [148.19370157159528, 34.964910397152174, 212.94525424630734]], "10": [0.4337869375738761, -0.4984877389308572, 709.089295708896, 196.7348202005584, 1.6775532522026975, [212.79401374387604, 174.02180345654864, 12.92480914806966]], "11": [0.3742840311002298, 0.06827126090484859, 89.94609201213723, 290.72929267441987, 4.462936619134999, [87.67315527878337, 184.71949096381024, 167.3584351820703]], "12": [-0.35252705433939313, -0.234477379379195, 893.8704302276312, 631.2633182806308, 0.34728693048043935, [194.5795924460934, 83.96195616327675, 201.8931537988338]], "13": [-0.024329688457134013, 0.06689434902863323, 1020.805971876937, 635.6381400374489, 1.8223810681102655, [125.42123964784149, 98.83258363227257, 207.14998816161633]], "14": [0.28644596616640716, -0.1684512152579446, 469.7413572112015, 642.5164172261328, 1.2926749403305327, [97.80134738599978, 143.6541645413235, 65.45139718457983]], "15": [-0.2397943915700822, -0.1584914772291819, 1116.4843267031158, 657.4720539842762, 0.4032004152394858, [146.00376525951557, 60.22032478663113, 209.26092102412403]], "16": [-0.16456227992117733, 0.046959753053270714, 1073.413065607052, 173.0271049282469, 2.6908263825451306, [66.68058342091356, 97.06722028717189, 74.26269420334066]], "17": [0.2576432002910245, -0.2762665378596424, 857.5571015115463, 435.09851360310563, 4.434038363765217, [144.8968437019533, 215.33513854696574, 246.65317400208767]], "18": [0.1500917702592216, -0.40427903594421455, 318.47848534456284, 218.99912526535851, 0.3397853005482293, [139.75910429077507, 253.71807771596434, 10.59194359603654]], "19": [0.030362500108955914, -0.16839684930872156, 673.5236841475181, 83.24796376802537, 4.4540693246975325, [30.274661564470872, 180.2859232909822, 46.373020363692106]], "20": [-0.4211373174220926, 0.29426475511949224, 382.72744280562733, 296.37585803955113, 3.944283144886689, [126.23335403080799, 250.78078325708805, 151.08569069758298]], "21": [0.01643311685255955, -0.4949914058255216, 713.8256602509781, 453.7895852939591, 1.533109714728354, [85.21490921228565, 31.34394201639244, 154.8721738706166]], "22": [-0.3899109264275563, -0.4920532204634963, 1046.0290566974606, 312.60385014512843, 0.8183379999473117, [77.44352779764189, 213.43396300681079, 181.12720952874164]], "23": [-0.2536514758703502, 0.12535344342007182, 608.4975860188493, 339.4501886032229, 3.759747724181177, [121.31296734038897, 159.1922407197383, 25.43107824353165]], "24": [0.3218527009839619, -0.2970536257894095, 648.997019384648, 651.077429027886, 3.2975425331817187, [56.91762972904389, 173.4174140988294, 130.04080150803964]], "25": [-0.3995173916364909, -0.34749811896922345, 461.6719253884868, 587.6359444823377, 4.629505397879542, [83.82907279724499, 98.80758242094875, 8.775541169843882]], "26": [-0.36225014965351365, 0.13934009790464497, 1186.1487612907404, 494.873545306818, 2.7381651846690334, [57.223543623537466, 24.529640154530995, 93.3318636802417]]}