{"0": [-0.34780856205178856, -0.1932718359820117, 553.1253065077482, 552.3275056466921, 3.4989605183761796, [123.55753991601223, 197.61217421677028, 34.55233821518296]], "1": [0.2857033199287614, 0.3308268071112911, 1044.4858116667845, 380.3656697784795, 2.8675308149704892, [41.63904956214098, 137.3279113765445, 121.95908600460047]], "2": [0.43343067666241664, -0.15705680973157876, 1077.0528251300473, 294.03727879619447, 3.1887992658267494, [121.45480295053882, 76.45704282019467, 41.485511336834925]], "3": [0.1050009416843517, -0.38342920314771733, 169.6496718282622, 442.07026273634256, 1.5377869681260021, [36.19851319867281, 235.07058207026103, 238.7614194608751]], "4": [-0.006363802398878904, 0.48689219607494105, 943.5437103227316, 106.70744194862615, 4.517901870705055, [205.47362704212938, 67.12424889569104, 117.645899556236]], "5": [0.10428753880797237, -0.04428544734310946, 1359.1963159920108, 732.277307335558, 0.07860682843434386, [21.729195318771033, 222.6186523708211, 194.60147440839475]], "6": [-0.011437252105049311, -0.2070459254236937, 624.8153740086887, 543.8909995763714, 1.6858254079874428, [193.4419468266027, 187.8808070787856, 103.11941967212343]], "7": [-0.4014343815045577, 0.3531780683630845, 128.93862726998742, 219.90028136083419, 3.0308289211989923, [60.80216327237037, 59.40843169266787, 101.1434492891657]], "8": [-0.2745589228625416, 0.43481806850328764, 556.482320566434, 250.79171074073133, 3.211244573317659, [64.47281525206628, 220.26428456742525, 9.821906682722267]], "9": [0.2476385361447767, -0.3002766066413435, 834.0692284942289, 624.750942193622, 3.911397496579529, [10.306040129170903, 111.85435996919652, 249.46795378939464]], "10": [0.17734416878849413, 0.06153661601355631, 1165.150353976621, 753.3832141736352, 4.199468490234085, [218.5038329337984, 47.83603737642964, 13.269884343813581]], "11": [0.3917327578903733, 0.1815434265218605, 839.2192711588552, 328.72951352178205, 0.5563036743841626, [243.07296663296864, 117.02443056786643, 235.5776001802659]], "12": [-0.42626595492005914, 0.37629550343764384, 615.8133403158023, 698.6438098022925, 0.40426083001512014, [162.69055619440246, 45.696366248113826, 39.13532481643198]], "13": [-0.03280386661244672, -0.273641676132655, 757.623164787893, 381.6307003526003, 3.1797416513864523, [61.42636690922346, 16.021543537369272, 129.49939835433378]], "14": [-0.0005955937189788818, 0.19901428818053302, 39.11677045445509, 215.40462127409984, 2.8062189857605855, [7.362145170220415, 113.05742888932404, 167.99442941334016]], "15": [-0.168184941232024, -0.47311101131836075, 481.1933146371374, 92.69761314819522, 0.11121600235715179, [189.1557667963315, 164.14796358605443, 249.92778826301864]], "16": [-0.003577342237443326, -0.07829909659377465, 325.4862476505451, 168.4033638382541, 1.8271628099891775, [88.24115414467455, 198.42809328687326, 234.23583022006636]], "17": [0.4864676286365489, 0.09507328946484328, 581.5863379178863, 440.60292637103646, 0.4384728716097941, [3.2521889200596195, 104.61173406000191, 196.8141969819343]], "18": [-0.40452495065027916, 0.16948743248032994, 835.2472819293973, 339.9751933764749, 4.128823712778826, [50.5615868743075, 90.04098653424579, 178.6462845168453]], "19": [-0.24190392345164924, -0.17176016511037273, 1034.2715874330743, 369.37362314715864, 4.601852078387443, [226.02138362925544, 133.4410777140729, 208.85847293776004]], "20": [-0.30114450490089917, 0.11578412310948427, 1056.218244311649, 107.6445967937981, 4.035709230546059, [37.30133563347917, 184.76224815149612, 237.0032603885167]], "21": [0.2526628255843366, 0.4233170625386503, 831.7306167924542, 11.073278187962288, 2.8083160273934524, [28.98335210183105, 209.5335311759646, 162.1913946183531]], "22": [0.05750423009157846, 0.47641370533728233, 1312.6284472745765, 213.48199739860004, 3.5915189349502015, [48.58916103957048, 182.32321387554572, 79.8678091989055]], "23": [0.4948610543894407, -0.2740009646377086, 1429.6966979609078, 213.5652237036374, 2.4544332202043884, [160.4746891570065, 138.0556797633112, 26.292135992238038]], "24": [-0.2669766705694644, -0.11844054666517356, 709.7550943664113, 70.94192928767411, 0.6338718694165008, [193.45779483261552, 85.37389417809602, 95.18918193744918]], "25": [-0.44342613676925613, -0.29259866310949245, 1132.478258842835, 662.3353407225492, 0.526223555836372, [192.69685334071713, 206.10002724724626, 116.63657116246699]], "26": [-0.08411673883606208, 0.15379774340455932, 589.3903315836853, 5.976077855377326, 3.58952705993406, [87.09472585212178, 242.76242531952698, 22.099535307823167]], "27": [0.2644596572578439, 0.22866274109920204, 919.4383778785933, 463.9586615516248, 0.9506641130914395, [136.42510076939809, 159.44506584820772, 145.1985048141119]], "28": [-0.4759130628455531, 0.12119967746475746, 211.29273292768931, 339.1414377989121, 2.099914454602216, [99.2881866162503, 49.03013997361174, 179.62854334893228]], "29": [-0.11136672567322892, 0.24889830242928834, 894.6203153026435, 798.2331327763332, 1.4400143800442922, [111.00459681801125, 49.78194018200306, 112.04574440055954]], "30": [0.38775180684077337, 0.1131473368076873, 198.26388880642443, 226.90683799691556, 1.6089393407117574, [211.9878882441593, 41.558973680052326, 191.60571025212943]], "31": [-0.3445436353568053, -0.37666203589108294, 766.6813749670039, 120.38264940722314, 1.4415600086475155, [180.79281288037816, 253.872023613964, 212.00805510084308]], "32": [0.11388551390772716, 0.3645137141080331, 472.25260115543915, 116.50819344681862, 0.7838030801019813, [196.61904430826374, 129.95987982009618, 203.83177363743496]], "33": [-0.3726211293828887, -0.23269794674193234, 492.67862368408356, 751.9650390485724, 4.170867898165606, [108.9675911822428, 30.252756718986674, 222.02822810599454]], "34": [-0.17045887873125753, 0.17432890042390392, 1203.151259594347, 416.52437335179513, 1.5662966993689924, [46.630614675426116, 188.3490036385351, 109.12143915331018]], "35": [0.33158340109797346, 0.24982486376651225, 923.3376322816551, 94.11512376734477, 4.540006385438641, [172.2072184059122, 37.636062601087886, 234.1491839366317]], "36": [0.15766530259527956, -0.19587167333523015, 844.7952826758781, 265.3081986155639, 1.7177850972766473, [235.46678352075963, 119.55700025700538, 40.21222279188311]], "37": [0.024074088483027056, 0.03712321581253475, 1079.2163689944869, 220.51864894116983, 0.16626819917274105, [53.85866698686993, 55.41318898012004, 182.21984265218762]], "38": [0.3999912620361109, 0.3351614320599725, 98.23223711168042, 15.272698519355377, 2.659597977860358, [179.30686941561027, 5.519465463943577, 246.52675649955344]], "39": [0.4963820405162884, 0.3028075519782736, 81.55369470578799, 106.36025967324497, 0.9004752338785105, [149.03192120851676, 125.95599503666368, 205.63314584397207]], "40": [-0.2552556622342297, 0.2751795722466729, 562.6061915996204, 161.80830338289337, 2.4274364232204357, [68.80941947005537, 27.18186373561658, 204.5914908884769]], "41": [-0.19505952952776306, -0.4863665183834339, 1046.9746726683954, 504.18438682353565, 4.584305364349264, [190.36437602131682, 250.1219283225963, 2.3232472122643566]], "42": [0.32842515478888823, -0.12508920319444916, 937.4323672294897, 41.66940947392579, 0.9839865562492889, [116.10033491831457, 104.3274299802178, 62.130275794118546]], "43": [-0.41115725258807456, 0.4574396566474003, 1224.4896523980535, 696.1523764856722, 1.3302460793613529, [244.90935884983801, 249.4166186138601, 226.08513211951296]], "44": [0.18354648126636464, -0.12379281124004815, 922.1449779771467, 177.1778089867917, 2.3488669429176317, [134.5365915987623, 131.39378863064667, 245.99859582802182]], "45": [-0.49896354141672195, 0.41142396565393624, 1267.8712589179213, 262.5238841408468, 3.3026278072472355, [196.55275351406496, 155.47752821585317, 8.53210133336998]], "46": [-0.02379427225859554, -0.38997898723279134, 577.6169867504956, 64.86646293098195, 3.5047749312527516, [195.01236856116017, 168.7929135767601, 53.27042988104199]],