{"0": [0.0004391066909372743, 0.23078810619787227, 461.98041393453866, 651.7783293912663, 0.7234577840110779, [45.95987886709953, 198.071722236991, 136.33618686408633]], "1": [-0.4813837892584938, 0.372104050014038, 266.58143350031844, 208.31970710994358, 1.9075411031703116, [169.9934044497125, 37.13616633459602, 104.66849486792631]], "2": [0.012231723011451923, -0.11498880049265336, 366.1978658802711, 517.2878939928371, 0.9731019293648474, [30.444519337032098, 71.44143765216819, 251.81112594466867]], "3": [-0.0458733266949527, -0.10030266772096164, 1032.2513306824032, 285.33767374571875, 1.7045306658262316, [43.346965086807074, 235.72897939800774, 183.14394393366533]], "4": [0.2385853182754173, 0.41164639909292267, 880.4413573831905, 288.0187645225263, 4.315889672657374, [113.59310752521522, 227.86189881517677, 250.8687325841176]], "5": [0.39104436872393566, 0.13895049265801485, 177.13634141085953, 383.8158032304296, 3.115794211424556, [250.57444421546992, 27.267701142445066, 228.51267613192596]], "6": [0.06002926605651593, -0.44542762550882276, 103.00905178940597, 744.1024802763278, 3.870391863486955, [150.04991107988053, 193.68952152030312, 251.6321313882149]], "7": [-0.2725061855411788, -0.015605635789323613, 438.2988422116912, 247.40592679763998, 4.642230783633872, [31.944090220352056, 12.346367382628104, 38.91147540184999]], "8": [0.27294602283859337, -0.34272879118133437, 1411.6715859134229, 374.6742655205362, 1.6444900679764052, [0.033597864677076816, 128.62695665237328, 254.50584912552435]], "9": [0.3415412801428085, 0.4099345881161037, 260.3220982955727, 430.7190173343707, 0.16120112706589862, [39.511051431111646, 129.8291868245797, 102.46218661791498]], "10": [0.28037236654407616, -0.3686211857072075, 995.643796281659, 311.1367060675949, 3.3624384252075163, [52.85475051611081, 13.932454911358645, 29.551290907343613]], "11": [0.4344027686940346, 0.21891449483895153, 1026.1507291116786, 563.405047873313, 0.2745131721878341, [98.80512845358481, 14.762734030204117, 164.78077659271523]], "12": [0.15247304031476372, 0.08642040108446536, 1041.9594341459413, 334.0971199722013, 4.46842330965792, [185.4967303797529, 240.89516772512883, 155.4633150370445]], "13": [-0.4329814264287666, 0.28157317157260964, 1152.7666815124333, 371.78301190310947, 1.315108039873794, [242.53636747116968, 25.835002304509423, 223.85700791975853]], "14": [-0.064388486349513, 0.34290320571283006, 925.2637069377023, 582.0640455546401, 0.7242144098762693, [234.71334313920235, 196.53397322386218, 49.994344824294274]], "15": [-0.04598384659898136, 0.11934225747358718, 182.0773737250059, 71.05316945689228, 2.337738039493951, [17.238993811027395, 81.7793948350855, 126.12525616551501]], "16": [-0.059515359675521795, 0.25465395297916105, 1052.2232361109623, 452.2049927931824, 2.131768714108781, [79.64763507141181, 79.30752073566644, 175.9667772057718]], "17": [-0.3584481113046408, -0.09178123872748978, 749.6821626228788, 659.0527793438589, 2.0868216036853267, [150.8773594989735, 153.13103591141453, 243.2733218579191]], "18": [0.134243462304368, -0.03775087778223196, 1287.232010678898, 41.68374692696126, 3.0897450157290987, [181.24614365519477, 59.51021540076435, 122.73261577407817]], "19": [-0.4500361301047694, -0.46892284883973645, 806.1083209749474, 701.1174243949101, 4.509391765564649, [179.41696931909627, 17.340532197340146, 184.17053003414017]], "20": [0.025475874587456482, 0.07778407014181965, 742.302487544032, 584.4599955789447, 2.1992561651910023, [130.34172985464883, 213.71257622441448, 46.79465225620082]], "21": [0.41803230275270853, 0.021922413058297785, 964.5155360484525, 478.359555786339, 4.750510741921129, [248.308634177537, 15.78571620005096, 149.59759605626493]], "22": [0.4803851562820336, -0.33413867132735153, 1211.4181733278597, 716.8486198335232, 1.4576181060934061, [86.37493965940283, 114.96604536295148, 99.04541551363992]], "23": [-0.22710774046571824, 0.2258819472652447, 1344.982880254486, 422.76495799030977, 0.20719428952025387, [0.38579707507236105, 69.22483204585443, 146.9512998380565]], "24": [-0.49052671577786366, 0.22555197551866657, 1225.0165675215533, 304.25424833461125, 1.7381590972459726, [215.68683210126778, 218.6050226439339, 237.90335599652408]], "25": [-0.13368548617554132, -0.2604292701898523, 338.70202261180225, 228.8283391182917, 0.0795435006624623, [236.5655254034968, 238.61033403702376, 168.79606493897634]], "26": [0.22598648349952422, -0.2672809634585477, 35.48864232277964, 400.1348236675155, 2.360590913558544, [13.167871751388066, 100.24013812011935, 134.5553723847506]]}