{"0": [0.1571317677080427, -0.1643868320452594, 388.9733703481692, 618.0444783259295, 2.555044676402591, [142.76062163841485, 126.38838400707267, 246.89413033035518]], "1": [0.29159389106690925, 0.017570286967106497, 1375.7186820775175, 334.01166780312985, 3.84349224825311, [27.79667207694077, 155.06660822376114, 162.78976581795393]], "2": [-0.044237620612761264, -0.1065980853780154, 818.7308599017085, 465.5533171498522, 0.8907319726985191, [170.89600783755057, 242.328539572568, 205.26582646815075]], "3": [-0.3339487682979302, 0.45550990750067066, 955.6127041962739, 149.33107572714732, 2.285380857206934, [133.56388236077836, 252.59797254851765, 102.06196926655979]], "4": [-0.3348443696171265, -0.4908922271842573, 1260.3073940398435, 763.3720548577899, 3.128448574573735, [234.94607997396042, 4.186765047465192, 233.82796909202136]], "5": [-0.19268840733692127, -0.005372760746557681, 726.0302543635869, 286.06650226021964, 2.332926009921674, [86.66395478834437, 163.8555843073616, 0.28411324042697417]], "6": [-0.07768720116117322, 0.32017731190125587, 871.5550372807031, 629.9852082060422, 3.4596739336843543, [51.817236417435915, 141.95094122378248, 219.8998189414638]], "7": [0.096694263968096, -0.3740963470209555, 347.8289180728901, 716.8874053242298, 2.5571998578863413, [182.78059414935402, 242.07666558374993, 207.37068260875466]], "8": [0.31778104373848126, -0.10951148222806828, 753.3680486566407, 21.68196383019616, 1.272924844173956, [133.2636744876932, 56.42695703058248, 60.81105071359409]], "9": [0.2834159113903134, -0.04445697108831892, 855.8343556042387, 94.63180252978658, 0.676549897391483, [217.23014952218898, 253.7698628690222, 84.00556412243282]], "10": [-0.4165122374771757, -0.46768667572855516, 765.6730681022688, 87.98093288348979, 4.922626946068559, [25.615754265195484, 121.84434594399927, 251.95307507470827]], "11": [-0.25076697765224154, 0.09055841782767049, 1210.090569396638, 584.9546028328393, 2.221315709566353, [51.422395908517736, 249.65950051716567, 123.11258335348825]], "12": [0.03464581676315215, -0.005494752750865306, 957.9940487343646, 605.8028634985046, 2.1304856155371565, [158.9918115668906, 44.95757178809259, 105.32697096350878]], "13": [-0.15872699536751744, -0.44682196145581843, 42.88568664429867, 721.7470025538594, 4.83048531243247, [221.2073778281782, 155.2844064626485, 215.04588104688733]], "14": [0.35452744329453845, 0.4386259256619425, 7.088694745016628, 451.86748283805775, 4.659209234107877, [42.60554580440419, 172.1217285572869, 213.524013962263]], "15": [-0.14127900211995603, -0.23234782601118675, 1378.7644596238354, 78.47702660886577, 4.91897872890375, [18.395875918571175, 61.65605030440568, 180.01956393432883]], "16": [0.40913460479772057, -0.31883980874035933, 349.66388970143777, 71.56731209194875, 4.704437984191198, [30.735326782154697, 170.1111430757934, 153.57918045939863]], "17": [0.3097593573183959, -0.3299034953284452, 1220.877130127724, 268.6694494535846, 1.0857473052668798, [134.65965909904415, 158.9606444950434, 217.42546277698094]], "18": [0.3445012918741085, 0.24116234930447844, 762.9833777186867, 591.5833975031055, 0.11716472273314016, [194.92453962534037, 99.77565069872946, 74.51115921573506]], "19": [-0.20533073063344875, -0.39095969992085833, 252.7140221616758, 99.48157366400396, 3.066606470319022, [117.58680354630447, 10.72764476369512, 77.42270008673121]], "20": [0.07647835165735317, -0.0047485377651500515, 1089.5644006193288, 127.15404876785863, 4.489458027117255, [181.95149872162716, 247.17613086099345, 75.33078740558076]], "21": [0.29262698991830827, 0.3192479071540306, 499.4128438289796, 333.6762412381498, 3.0308668543100663, [156.9518125498115, 59.76047591119395, 153.16862589495113]], "22": [0.34092002419271417, -0.09891941548556349, 365.5935596100669, 398.3450847770243, 2.87638560198367, [101.19013468463113, 144.26342737313226, 169.24052936851652]], "23": [0.033323139391812306, 0.29872655323209707, 571.2163247621506, 275.16589884752204, 1.387195998891908, [12.821564086091918, 69.04275328762617, 191.2331038732831]], "24": [-0.052296927644755686, 0.1639002415772387, 1223.3110140995666, 136.39573213330598, 0.18335416870162713, [197.6092823777715, 26.190485112407362, 95.82816030206614]], "25": [0.1760790351253595, -0.42680799888550036, 511.42826654708745, 135.4927302863551, 1.3688718220715574, [126.65465342202695, 235.57336564605578, 25.092288923923153]], "26": [0.3535308411655539, -0.4912556148069348, 397.5296941489573, 561.8555820309358, 3.232313173880028, [64.15722192299782, 41.11364646931234, 13.421302118876305]]}