{"0": [0.2279881156648036, 0.373436004660023, 298.07618527929424, 544.2933174027331, 4.632566680370772, [114.43795757098104, 82.34859450232274, 6.379770008285789]], "1": [-0.27996370056148223, 0.09145622132692077, 486.7419772771031, 32.196074518409205, 0.6650983963137019, [221.01564375760142, 233.8026428714353, 6.680347952018598]], "2": [0.3540692130387135, 0.39901986963939096, 643.2161333486591, 131.574022810753, 0.5806080242178757, [233.05165489324742, 151.59117978331855, 112.41867014766065]], "3": [0.4382675251345648, 0.19507189818087056, 879.3097272152906, 699.9214993165344, 1.535237999626502, [23.57548442440482, 64.52092493347433, 37.119611564561175]], "4": [-0.008501280069169503, 0.37332927443197317, 173.07396085033204, 648.6303199376079, 1.2477196615951995, [81.28336619650058, 212.76379419379967, 184.9111633992178]], "5": [0.09188813240992422, 0.1460200660968446, 346.4655867631168, 561.9764213267973, 3.789075443973125, [212.54019462588747, 99.89218837769435, 22.844007559311155]], "6": [-0.4165256934475059, -0.23135535677565322, 1042.3186025438324, 43.786822686302344, 3.965341304019467, [26.074644505780473, 40.95027300547756, 193.50512129021126]], "7": [0.1497147066455583, -0.06251255361226482, 170.10310843622528, 695.2540345153737, 4.831411783211981, [127.3896837319306, 240.42808212576332, 149.72736524055725]], "8": [-0.4275075364387698, 0.26601947010310056, 377.27085345122674, 49.56017061010671, 1.828461674491055, [119.15677472799106, 63.109603663895534, 99.48083648040357]], "9": [-0.15985494665160993, 0.03918673235847203, 616.5491940681464, 103.73565956068606, 1.3609041735565242, [100.80586122203442, 136.10345407018906, 165.2200150584077]], "10": [0.08415507913071496, -0.023945151234389006, 995.2905244174739, 474.1055332764405, 4.740564403192668, [244.0586657149501, 170.37994394084058, 34.601914721723155]], "11": [-0.07841885391142578, 0.10360263532753455, 1027.8718979852947, 277.2770952175774, 1.3263751651088862, [102.91036217629014, 23.632122787998266, 49.57865673429006]], "12": [0.12210320030382016, -0.3799738444567995, 89.84730755183139, 442.07494472780604, 2.2563303403128203, [138.6278922113319, 42.9670245477499, 239.65660447511573]], "13": [-0.33972940217089675, 0.34624559715201275, 532.5850162288319, 373.8784286065361, 0.5072844750891353, [139.78550658506308, 210.4820296574537, 78.75624536227697]], "14": [-0.43686537277714854, 0.2512331060493599, 128.79950181543742, 19.499983689729383, 3.9006340782455604, [95.67460740704387, 109.91128310978397, 99.29334253536814]], "15": [0.4838541044232548, 0.46399802853535843, 61.85709029921007, 570.7467690311851, 4.053467215602662, [111.77342085444492, 194.46112816052565, 9.46723592406094]], "16": [0.27898437128298836, -0.4200866487884921, 156.67019220032574, 185.77528067633313, 3.1274591512453256, [166.72935301461368, 208.28097831479755, 142.4248713784325]], "17": [-0.10136782291985225, 0.4635926911112831, 1108.2532322989148, 51.147597231014515, 0.30000076295882583, [196.86183521861895, 220.4347936554935, 163.99659395285127]], "18": [0.4687894124884038, -0.3195181551454558, 493.3335741357804, 280.25966333894104, 3.8616885010662845, [161.74438341759782, 62.74205432828144, 246.9308527404974]], "19": [0.30316114056850074, 0.4935440110106196, 805.8208819740184, 316.37239633486126, 3.246061939028623, [230.40075616353772, 84.31097882364655, 39.110321258487474]], "20": [0.447336593350839, 0.19222867455658932, 1075.5715412714069, 239.91551637228596, 4.175384206208783, [83.19174598841242, 123.39267749918378, 175.58199496872797]], "21": [0.38582368417099766, -0.07526583315134316, 1186.3601475752346, 314.0378466739725, 0.029371490864187333, [249.31760408315625, 100.47657291308755, 58.63018092213967]], "22": [-0.36794161960179506, 0.238003251074421, 922.2105005544802, 145.90286155578465, 3.0200975909064582, [40.66378807785851, 17.03554722847387, 100.45432373770045]], "23": [0.44013099452380544, 0.2382905886270622, 227.23536239519163, 231.90118864725403, 1.0119508334415805, [25.382125124050336, 59.82287657400078, 111.05962338880843]], "24": [0.47114861564300314, 0.41266979556610106, 151.41025159991136, 521.2330667578102, 4.066300720857373, [42.97493546003753, 186.59038014635954, 243.61274272291413]], "25": [0.16667113855194138, 0.4956887355970526, 78.21725960902094, 271.1259447710311, 4.096628118433004, [216.9430467706703, 239.54835392044328, 34.79056473778213]], "26": [0.13992221653426717, 0.4202752903298731, 26.200174478368492, 389.4745495763358, 0.7888004086304029, [69.38881873718485, 27.8511763791905, 246.14791618853397]]}