{"0": [-0.039589210976632816, 0.16305180414599385, 1041.4793878003775, 424.7730474800371, 3.123992706982337, [139.39675165291789, 228.21195119130172, 164.99393479275406]], "1": [0.06861384877986187, -0.39866286268077256, 187.73482680549077, 253.15529476689892, 1.2685024922946864, [244.0086713354257, 102.88391262336354, 81.98675421448787]], "2": [-0.17397241506514394, -0.19462228448493923, 736.6736372311158, 391.0537253612849, 4.506038655622943, [180.48016026664448, 245.97783820417516, 220.12600394259746]], "3": [-0.05190087058347259, -0.34037230285307873, 1248.2406356781173, 510.3719785322143, 0.2938179824278181, [30.522889817043307, 118.52866115074923, 237.86837032808643]], "4": [-0.4556459979950479, -0.18035527038786836, 968.4361371653334, 673.1576061027818, 0.032534754524768394, [196.58415477127593, 0.4830146303593541, 161.47660967040227]], "5": [-0.04347911337471522, -0.24246480957782535, 1272.3493434931293, 3.3717695473094444, 2.265873035078951, [139.41337550828038, 72.67429984780993, 20.002405568112025]], "6": [0.22835542293789868, -0.3935158354300653, 387.97053268951925, 34.647794683844154, 0.6021291376604232, [245.68113877648284, 19.80064754188764, 232.2873621286059]], "7": [-0.017355408802068872, 0.048864015549153095, 666.3834004187044, 589.9781716090295, 1.8274887718396393, [196.38540410634897, 84.75180302234577, 133.61999182361018]], "8": [0.1829677791356753, 0.06156867587143877, 233.92811312308817, 65.73578855425, 3.214786697346572, [222.84156862282484, 201.79847040093424, 181.3047079757322]], "9": [0.018567314103470678, 0.1788088394675451, 1405.6888404617703, 366.77172509778904, 0.12631812226254813, [60.80022213620868, 197.29493940825802, 83.30626499343214]], "10": [0.3503598917695341, -0.3805268479459061, 1276.446648512626, 98.33857641742156, 1.515498688216375, [62.44776474138859, 45.121889632503475, 163.9098771104307]], "11": [-0.25918109777708964, 0.12192058349847801, 437.5226784388881, 537.114781578037, 1.722841185086847, [230.12061542436436, 55.021648342511206, 133.44871794673105]], "12": [-0.22595252410790245, -0.43943256212457915, 1012.0446927401002, 609.6588134369593, 3.98054215827295, [252.68559551444895, 5.90029774902754, 208.06091557564113]], "13": [0.061090321978490736, 0.11576364499583369, 716.1695886758342, 112.96792221419611, 4.781284553549683, [79.65770830536142, 84.8393696624998, 123.01183270445853]], "14": [-0.4594679459337083, 0.05416363773389643, 343.5576570819454, 147.4324170750199, 0.2727804824202107, [25.742130800159025, 70.6173738539448, 141.71266995383803]], "15": [0.22451289085734427, 0.2772381060714566, 1216.6891217380048, 632.5498133743608, 2.5141945784203266, [164.2618170426138, 86.408763332624, 30.135286976555467]], "16": [0.48169176935821734, -0.4550755184040294, 133.16763828647734, 180.69638076232542, 2.463877802164593, [53.265123783717875, 213.42588174597694, 90.66186417800756]], "17": [-0.39165136922859, -0.31009642295853035, 1252.0962618443277, 545.9127744557634, 0.021528179315214446, [147.82183823838187, 58.374409235679074, 100.71789881820087]], "18": [0.0063054913752190744, 0.47217172376160177, 214.87872520824612, 304.7491894909047, 1.8298869400614037, [209.30569647865036, 98.4190370769404, 248.97494798342547]], "19": [-0.12712052500824111, -0.2038100320396372, 542.166236907378, 786.8965255273711, 4.671922800647071, [187.7229761795223, 160.15504238107164, 249.29803777363716]], "20": [-0.30631606711647463, 0.2767880928850851, 188.69767985699644, 170.2075328407247, 1.5962515223207407, [68.56725080434467, 98.75943990438753, 167.97610344669314]], "21": [0.2768037785696734, -0.054098237278865424, 1154.4908910543568, 211.3883068194956, 4.578610820102132, [66.2203140384506, 199.53274728733223, 168.79267711067814]], "22": [-0.1484202934095349, 0.43038755035649057, 806.1417571715139, 223.65904184721364, 4.821613341684776, [244.02083218115555, 149.09334407959565, 176.59328722340487]], "23": [-0.2971836220568068, 0.44937631508722997, 1424.5132955636536, 424.58310726040514, 4.634329080005198, [142.77325565250058, 125.42925915669525, 12.21558281820851]], "24": [-0.020369496037917045, -0.4356056308484011, 1374.1424930267915, 743.0215837098398, 4.318640663093037, [131.46660582779757, 79.3413560195852, 161.10827287584436]], "25": [-0.25106733501817713, 0.45567531550722085, 708.3266658992726, 647.8031946413184, 2.7178908947887717, [167.75248215477848, 209.21192837131966, 210.16049862885092]], "26": [0.4551257072458774, -2.0371089383242058e-05, 382.996022052116, 176.18127786210005, 2.570716395220034, [74.55845555038755, 184.58247438767472, 36.75217157926839]]}