{"0": [0.06288655064733328, 0.4525155212663855, 1019.0727397768464, 41.41877938889715, 2.32544373263972, [195.39803377197603, 205.0089775370241, 129.61203438629812]], "1": [0.03743705772230188, -0.08629764365527959, 56.94044338441819, 742.4729662786323, 4.523431381410906, [171.146497735921, 234.67162561009604, 202.1595246890464]], "2": [-0.34466691837020547, 0.22961491539464285, 332.93177761732244, 682.488706114416, 3.4538610416141546, [237.41671834261192, 223.31874129318987, 214.37916110586883]], "3": [0.48812996586416857, -0.3851949986304092, 319.57137083648837, 678.8542942483311, 4.601860405391738, [2.010531766408236, 51.99519277722877, 153.46423529135814]], "4": [-0.02221377872882202, -0.2804240622875277, 244.2618176195717, 540.8898092530955, 4.43934931987598, [76.26486422316273, 126.01197046783494, 62.56639972571295]], "5": [-0.3839651437238033, -0.4783158616875215, 1265.2805567224782, 40.080942670189046, 0.37548060315239884, [138.2591983111179, 217.7513041857905, 3.264676623424566]], "6": [-0.18133365558959402, 0.38207235438291764, 979.5166370189302, 473.8239028709815, 4.441020639407023, [9.781164032455893, 96.40747809855256, 212.3511108691321]], "7": [-0.4006344698398945, -0.341189437770653, 620.9270288610896, 587.5136211100471, 1.6022010813089942, [157.35927819942765, 105.79538484684076, 154.84210870944707]], "8": [0.13513133970385383, 0.4082047419486118, 891.916320672376, 777.5573329355839, 0.7130773386418648, [81.73245222430033, 213.72860432461266, 138.70433247536553]], "9": [0.025182578840564185, 0.17066736515293146, 162.21515468389046, 178.94035223039077, 1.7017366879083458, [218.27102083317857, 220.46585946427075, 247.33346155208002]], "10": [0.31077072837253616, -0.3025977259970287, 980.8809014621847, 646.4788438404987, 1.0981103325812158, [8.201853386178527, 50.042696428093315, 154.54910822050618]], "11": [-0.19809888995460545, 0.023975803794259898, 1149.6847485592693, 787.973506097533, 2.9163757843257274, [218.03293759689268, 25.174007061861506, 69.63808290335074]], "12": [0.21130036649200723, -0.481415579701442, 1263.0903949822668, 666.9265561515434, 4.5813354010991585, [242.35051023862604, 60.76649815775424, 151.84928891021227]], "13": [-0.3514991728577107, 0.2798410058973656, 752.6066051331632, 689.2876031179286, 3.2514357487548513, [108.63431780622744, 12.434917141619978, 244.01969187384861]], "14": [-0.39238850213264476, -0.12357871330028469, 1435.1152500353892, 700.8407929901875, 0.3147047921988405, [178.0283508384514, 93.46291185326643, 93.3687335960547]], "15": [0.05828175171556538, -0.2193208042130418, 1252.337561449309, 13.115800570623826, 2.736799590686126, [26.83613504777381, 155.78241661250104, 111.27621368880611]], "16": [0.013297747364136026, -0.3647540597817598, 215.1317471207253, 773.7099930539665, 2.8949959206588733, [235.3856034068157, 28.278801574410423, 75.56946543338866]], "17": [0.0015812601874527488, -0.4162190152645767, 946.965986884906, 582.2252663753469, 0.22903129660374333, [92.50934803583674, 91.63910391345415, 76.0428248040992]], "18": [-0.19230967911176244, 0.4528537926769145, 506.71134399803447, 13.951184292001795, 1.7563157583192552, [79.79888911884909, 95.06368168548047, 31.628678538180633]], "19": [-0.4026931546633552, -0.4246814418443474, 907.4812908534659, 414.7465581847574, 0.9361583132246842, [50.42827480510445, 204.66476347020628, 34.805398058544455]], "20": [-0.14692569647487908, -0.006642743531513173, 699.1248541215384, 147.79984828655435, 0.4319000964753761, [116.90383168314561, 82.99774409138887, 160.80957886955434]], "21": [-0.0090921587429601, -0.1778735777922712, 721.4696179907091, 159.30297589266908, 0.21541583660258157, [65.24455534194455, 109.09565070119224, 239.0200281485068]], "22": [-0.35836750705557674, -0.47311041835510104, 212.63756850615093, 797.57383048751, 4.038770476736698, [220.99185377000342, 219.40302407868552, 128.38145663658537]], "23": [-0.40852451313690874, 0.2409591739504735, 1091.2477703009415, 159.4037399654116, 4.02873068393524, [10.237520898490041, 6.461621454698533, 32.5809017682033]], "24": [-0.2106158959322555, 0.04831975354807938, 1017.9732644989715, 196.80582590531301, 4.818093134898188, [224.32366658444897, 24.264866423445113, 97.09838406312518]], "25": [-0.1826592208878749, -0.38175965743195583, 908.4683485186561, 746.776918024443, 1.036825301842672, [206.63767349936222, 173.80553743094114, 127.01661446452502]], "26": [0.3509868956891188, 0.23469934319917085, 1383.3159601666152, 191.43731906591714, 2.1335279549469637, [70.50359561657311, 148.7112118428318, 196.20227597684953]]}