{"0": [-0.3083779159385125, 0.11448365673438787, 773.7712801494259, 560.3074365988828, 3.0236865684075798, [211.9117975280903, 41.992688483951284, 101.57506284667404]], "1": [-0.4642201683604543, 0.30583323373682114, 199.56402520591107, 171.45444526803644, 1.8265600495218703, [16.185312116676034, 102.48551130155504, 159.71507880923002]], "2": [-0.20925443691304657, 0.0015491223646950658, 859.3944660030887, 64.2532567397133, 0.6236357718916213, [108.20015661393761, 73.88668500393648, 113.80606512019598]], "3": [-0.39022124612162923, 0.43274122026927675, 1333.1621079965607, 302.82293725860717, 3.7621162925460103, [77.0527957127409, 162.0484814086379, 97.96144493405386]], "4": [-0.19031436568340698, -0.09922843590410024, 1021.40348537429, 399.21976408552496, 2.187935923299817, [24.497574355917827, 8.613870901803867, 179.66180740635951]], "5": [0.142220871420499, -0.0059322308372032895, 270.06649921364925, 60.75796784065757, 0.32600269782045777, [116.94193622752164, 177.58055656968293, 117.4922809954296]], "6": [-0.15114699382397379, 0.13230977562819835, 631.9442486650278, 551.4462428158632, 4.959518891982711, [207.90919815609936, 118.9306622116627, 39.38133025392006]], "7": [0.012302680131975219, 0.44402999751640426, 685.3530314548019, 326.15006042511584, 1.9659828219129505, [44.27344315328393, 179.23130381140095, 17.005697785856714]], "8": [0.4966923478169112, 0.06534528138019235, 185.30182983433048, 90.26434648110725, 4.087100622245371, [72.31023380274374, 112.58725870107993, 133.88530959153573]], "9": [0.38780791987235363, -0.33188974937898474, 1108.6394527545879, 661.322474366498, 1.9511962152165103, [68.17965787172115, 55.78047568649791, 2.0426377608516995]], "10": [-0.4154749053879033, 0.45456114614131327, 221.4475242307241, 569.5408593443698, 0.011802166205432951, [23.716997619882612, 177.51698719652256, 75.68627071782943]], "11": [0.4057533369569709, 0.44710920056222303, 537.4739251700415, 501.39171996242465, 0.9304888763237013, [158.38303771177226, 38.2012241263151, 21.589957733026278]], "12": [-0.30802117406854157, 0.06532925636276687, 662.8651297554752, 228.00498422433196, 0.7118708392611645, [166.2186056288112, 166.64395769044722, 199.94406096087525]], "13": [0.4202435868723653, 0.28208623088854157, 944.3998486375725, 133.79750059316126, 4.965578263253231, [237.53270318329527, 44.102704028662224, 70.17742452543122]], "14": [-0.1536996038069257, 0.18947239226482349, 1248.638149292291, 290.6998387273144, 0.5765811932517573, [53.315576943798845, 18.341935596166067, 223.9996822508237]], "15": [-0.3965729317019, -0.3894066811558098, 265.92941840600486, 552.2400245404358, 1.688090816421115, [53.759234746356896, 15.277599219414789, 19.440560975980553]], "16": [-0.029877400859811054, 0.296734769507932, 613.2211530486817, 164.78776890226737, 4.301521721361946, [148.61535738437473, 26.25581725291099, 50.48028480642285]], "17": [0.49820375053356447, 0.04914094049499651, 1047.4916989073408, 459.058244303942, 4.253775677150957, [198.19114138126938, 184.47157896716848, 157.39056318641133]], "18": [-0.40398113834646976, -0.09517814028645244, 638.7979879433987, 634.1175884220462, 3.862950025776497, [145.0731207660136, 165.93102439747767, 151.8863908791831]], "19": [-0.06572820113913092, 0.29799121990444044, 158.70670274544557, 787.7497981058708, 4.681938512585927, [193.73862867931786, 243.5186538719817, 184.07410124063347]], "20": [-0.1102676698103604, 0.45048146127080724, 647.493242171587, 499.6101159829319, 3.176855049219199, [75.61454033283314, 131.07808976876188, 122.80200392606086]], "21": [-0.3057859404438712, -0.28506424519623963, 1187.2726144219419, 13.5323868498741, 3.308184344753033, [153.52322886600837, 168.9092982485343, 209.57366933755986]], "22": [0.2659444086591458, -0.17863282182430562, 175.61981447462742, 794.4830471627058, 3.355721118507202, [203.3464905340454, 58.16529189530316, 137.91708703355687]], "23": [0.2567981401481574, 0.49536266184834177, 30.38713515984119, 126.77352350665822, 0.6036865775340217, [180.7147666372301, 148.66649636508885, 11.819626702605065]], "24": [-0.02706609564889617, 0.40695827410891217, 1242.0920488930112, 478.08491332310865, 3.9169686215181754, [69.76664917778952, 152.63283928737718, 221.0092125470098]], "25": [0.23880487877932177, 0.41936823096059295, 26.41783658997122, 455.1532136058567, 3.385068964160269, [235.94608748012791, 177.55348876606752, 132.82255321718606]], "26": [0.1639261386751084, -0.13351995290430696, 1065.8620771634537, 37.23774085828681, 3.0729812428170904, [242.45866713167518, 110.74710129605377, 38.74025563197382]]}