{"0": [-0.31902565847109876, 0.045241923836956244, 259.6199721781271, 254.01112601829362, 0.9570734071523296, [19.434121427132265, 173.42354090586568, 158.12286137002587]], "1": [-0.04560436525046796, -0.14045091113998442, 1016.6652251026579, 557.1689677174253, 2.7152338462038905, [19.721978694112693, 214.04147294768194, 169.92003403529753]], "2": [-0.3830747411812532, -0.28449814065370815, 109.09120300777168, 716.158217915408, 3.5281286863035115, [8.346253813023012, 68.5734946811142, 183.24646252343916]], "3": [-0.2685038139399175, -0.16078337133688025, 1156.345365310977, 176.29621771639626, 3.4912895476387162, [251.7403949141306, 151.33062096722895, 175.34806982527198]], "4": [0.4022112092942801, 0.4979727552653417, 404.21216926544355, 380.85519961148185, 1.9390151750496059, [88.91501036275474, 91.43428555718457, 187.42930074998407]], "5": [0.36335360402161443, -0.4237589321710725, 348.5677765554655, 407.72735816311734, 0.12309518405354769, [115.95302612528076, 240.7097037537045, 254.74615438393798]], "6": [-0.2795076702283479, 0.31523744009670096, 457.6840832766721, 404.803255089842, 1.8271195710355266, [159.58375799459822, 16.063532584627403, 92.40696280084659]], "7": [-0.17119558934655943, -0.22151986509249466, 951.5004926181163, 161.8076206688194, 2.1835511885220713, [56.855694920757415, 47.12583994525448, 180.6288454759056]], "8": [-0.3024593365615832, 0.08721387579928908, 920.5375125452498, 707.5988773509517, 0.2657916579428765, [113.0190198760888, 85.00937880578849, 111.57204211624754]], "9": [-0.055799768205265665, -0.4343634394874365, 598.4348610133818, 480.2724049900866, 4.586646944921485, [229.05151635511453, 189.3772038642575, 30.30706495365156]], "10": [0.3696382950730457, -0.1883038413711553, 382.43156179466496, 788.7772662497098, 4.985379526557924, [224.71190747189064, 16.133498247187603, 91.05627938947896]], "11": [-0.3726305016873246, 0.12488138067560473, 500.0079536117089, 388.55511280686994, 3.157955328344953, [18.782819670611424, 235.77211994999354, 65.77763251825648]], "12": [-0.08359003322213476, -0.4402650575243454, 686.5182357929843, 464.9529490924692, 3.8772808920870028, [42.35499917725255, 177.7819355527988, 45.25065896934621]], "13": [0.3758470392438201, 0.03402200356717533, 286.97582325726734, 650.5306719416964, 3.061649755982545, [109.21987938541726, 115.26470035718314, 70.33006014225762]], "14": [0.27339045403555506, -0.48423325040459764, 454.28202903979064, 31.976933353420733, 4.475038750218126, [110.44505442737105, 226.07867574303597, 26.149115187602053]], "15": [0.41968300104639267, -0.4203246535447329, 473.75282884276953, 753.0258973221769, 0.4927048303834536, [70.36662802095185, 235.8178353740388, 193.93507701978655]], "16": [-0.08512813723007184, -0.23663206601277964, 614.892735331822, 502.7474878733858, 0.07931708265126847, [56.77258651250506, 120.43636908677209, 202.60490631480127]], "17": [-0.20683118136425005, -0.498728220078283, 669.0352697720768, 351.4066956855875, 4.257809697650305, [97.09820029685984, 168.24239063380548, 87.06546385625008]], "18": [-0.10812244737633736, 0.16749283492387423, 241.88958193831348, 431.2732017702424, 0.4109570006575075, [68.70394748746956, 187.92710103003776, 12.667459601968753]], "19": [0.25661024125545917, -0.1836891588305002, 317.28664645005534, 474.47962527686593, 2.0224141427337217, [200.58923937827825, 8.107426699592883, 79.19249928052677]], "20": [0.33851245812123965, 0.31525607570300784, 1301.987026113864, 562.7935533230068, 3.2630395944383217, [205.4270102394732, 5.267744835335147, 80.17680700475466]], "21": [-0.3468159236552816, 0.22443965002207933, 94.78797082484877, 604.122584359505, 3.1519149663149166, [171.35218955948557, 192.57485597709925, 239.95132735293186]], "22": [-0.28707155063460266, 0.2677427044289564, 1066.6495596287748, 151.35361273382716, 2.583479991964741, [78.1083228823821, 20.213145361110364, 88.71203390800147]], "23": [0.2879848014828027, 0.17674546384717282, 956.9704719503994, 764.2772602980949, 2.2748362730019083, [177.09547847401004, 19.48260898621255, 223.18206278840776]], "24": [-0.27160532147871386, -0.3388330558397147, 998.6380278859193, 488.75104540614853, 4.791462176066733, [104.94658501661903, 228.96678344241465, 192.25251543762818]], "25": [0.47752909907624574, -0.15476930836468306, 410.299245872948, 442.85752696098336, 0.32359087022355626, [47.7782113211062, 15.062486316792919, 181.03035102906435]], "26": [-0.05634483616886832, -0.40102592838647255, 647.8844717452386, 773.9189631829041, 1.6995948131399667, [61.732523633068475, 78.40738910012004, 233.05366399536334]]}