{"0": [-0.06261665789611959, 0.20806470654507392, 214.89569396126052, 257.2497529994174, 0.9798522070991605, [89.81313371579768, 50.62397842738656, 63.768295870703476]], "1": [-0.44534468697454666, -0.06621410834627794, 833.4706177649745, 273.90104169542707, 3.785604555611204, [137.1400130244983, 25.300997852178202, 51.816353147655235]], "2": [-0.0366055019018755, -0.04590306625805396, 27.2097525257848, 327.25601274511973, 4.279704701646633, [91.30558006717662, 119.73107197544378, 29.257181946444554]], "3": [-0.04409422097011595, 0.33014586711261695, 242.17568865566471, 402.0700850646217, 2.8823565626791186, [235.36634494010943, 18.211125234864397, 142.62451381075334]], "4": [0.49512164990432284, 0.16090018799493044, 306.01014352804475, 444.26293388490825, 3.135176762022543, [17.00419751067474, 53.4686921586807, 188.80870346360499]], "5": [-0.2246020523993636, 0.28805942902328174, 660.5167714568521, 558.7365822222456, 1.4041867704031157, [19.67728313577337, 16.05615337408918, 104.58846794323348]], "6": [0.13972533927835395, 0.1922503552631527, 244.48565920933942, 23.596566190786206, 1.8036287200699235, [254.38429854940244, 235.950101614616, 94.74413830466993]], "7": [-0.2772983532320703, -0.03731157780098837, 1315.1628201771991, 92.51469200653437, 0.2020422903614072, [137.3039876136226, 193.08711939900826, 39.37019392053497]], "8": [-0.2843794671443405, 0.002641998681802482, 128.4951267622701, 674.8783558391457, 3.6165345887919282, [4.198859771968464, 236.33958199623203, 180.17733159222905]], "9": [-0.4472169706286979, -0.30324878684810774, 1101.0048407330523, 285.86153594943335, 2.6008254986301074, [34.773050594563244, 79.41857962535207, 143.23168719042476]], "10": [0.3565929585421691, -0.018827321153597087, 1183.9413158035334, 467.36736719288876, 1.2133252767419815, [114.11043325695763, 22.735400919346322, 85.51490131233874]], "11": [-0.1384233612163549, 0.4720027110724183, 717.324069514333, 331.554891270451, 0.4289832682838002, [15.579165886192856, 203.28494938955387, 161.74682054519008]], "12": [-0.2365984017726479, -0.17485808465453967, 169.42174101973148, 334.6747528521009, 0.7960828685531074, [62.15890346205309, 182.62463929463428, 138.48801654693497]], "13": [-0.06282424123077246, 0.29278176891517116, 518.5654149722262, 55.81116842446221, 2.2877310202026813, [51.39949768844689, 64.54904340831943, 84.29161497749402]], "14": [-0.38971963089868944, -0.4609624416760676, 1298.6873063173753, 496.6561059194194, 2.50435855173826, [97.32839690338109, 212.15746330885224, 187.0243045337621]], "15": [0.1576624560130827, 0.20559955727252588, 415.87558784005313, 671.7686471033851, 0.3957576299641824, [37.53081567921448, 44.722543357174956, 45.18000606007527]], "16": [-0.3073945924288096, 0.33339107899141507, 323.26018208811297, 139.50155499979635, 1.9513987631433416, [218.8039010784927, 239.98302735756542, 167.61478006921072]], "17": [0.27347927532776495, 0.06413058163483998, 910.4859677079244, 757.1622069959519, 0.11653765459748999, [253.45004199293052, 171.63962319137028, 64.72462648445307]], "18": [-0.13872051809458996, 0.06492021772883494, 736.3976300081163, 305.3251690539807, 2.300090737926996, [75.21358054578825, 218.93020753132947, 111.98247106025836]], "19": [0.2730782036642967, 0.1715472285276124, 15.73928520247355, 455.0892869111971, 4.73008436708453, [85.6172438969933, 67.25165181821563, 206.90242014118346]], "20": [0.2637020767530788, 0.27335439043847265, 41.09341142832779, 474.6604002615735, 1.2697932497842501, [128.0571881250571, 188.7660800749634, 32.51322413231934]], "21": [-0.17168179753284563, -0.39650984651346455, 816.6267605798184, 522.3674645536364, 2.1253461691438402, [99.69638716907046, 71.3188782968762, 172.05837699547874]], "22": [0.46195984622742536, -0.48263185542901843, 992.2909704404163, 749.6126152157667, 0.39899457794470683, [12.142079582641781, 38.06784678983762, 114.35666394887511]], "23": [-0.28491722895864624, 0.10933780273044835, 440.00323608158754, 650.8753965989004, 2.191536380970339, [66.81987385378616, 179.97735986022357, 215.92114128318883]], "24": [0.16668504722377986, -0.046414640751030745, 1177.0567842798478, 215.08991541091902, 0.9441602948598726, [14.296973260446457, 101.51146148281414, 55.385905819789265]], "25": [0.1040780718022708, -0.06580255181692951, 622.2849463253991, 214.05192234932642, 2.1741732135249174, [31.86896997369479, 133.46288044975586, 11.308740863084717]], "26": [0.17173062978901787, -0.22629442438578873, 1308.1713858508977, 682.6672285142615, 2.264982675158094, [115.61491085738551, 160.0386411159104, 167.50397870323172]]}