{"0": [-0.43976397200389683, -0.35055735292503654, 245.62172864324359, 438.37739448863573, 3.96888911836285, [68.99336295685889, 183.21042339532795, 1.9417310579038793]], "1": [-0.06766639191093837, -0.17252452906773807, 683.1520158044997, 203.2414629521221, 0.3370900212320943, [124.80580919521294, 43.876718291883314, 139.58756289577363]], "2": [-0.4201746621109578, -0.029721476610850783, 162.85949614571413, 660.2925367835613, 1.5039933779816566, [249.67759320930722, 39.4861700730232, 78.77180834594449]], "3": [-0.4799558099134915, -0.1519952701922811, 107.06050528254637, 336.7610807478857, 0.4023899839154649, [28.43868700860983, 67.6157170841302, 38.84379642606345]], "4": [-0.1559442087036378, 0.4887520804437847, 1291.0197935011677, 383.35152919308564, 3.721715236533925, [98.42376707649171, 37.37017037285399, 230.54078746338737]], "5": [-0.3192628128769922, 0.40740640891177005, 725.6229127436519, 709.2026220162968, 4.641691334670943, [46.56388716790894, 231.03087020218422, 181.84180502056148]], "6": [-0.33203077092630073, -0.06103811162723205, 1368.7048046155721, 775.9363651204973, 2.676530011584335, [137.41930364885602, 67.62640551861709, 137.99163344590124]], "7": [0.21721195381573488, 0.13948233893290307, 315.7364773401324, 114.7880093609495, 0.9656879661242562, [17.231254959701587, 113.19839402728681, 187.4761974914036]], "8": [-0.23828661584294542, 0.3946117731195026, 220.69526101984, 78.48064843739158, 4.868494927819765, [212.89056011312346, 192.72847761366828, 125.04255524883277]], "9": [0.04728045699819927, 0.08265483639597282, 992.1555446996816, 215.25587521548363, 1.5071213908477266, [115.58434666304146, 35.45613563824477, 107.31075187644791]], "10": [-0.3603804308910592, 0.3418323456109882, 1220.5856598696735, 368.5624598355366, 3.6303310700358233, [191.6005258686281, 51.22316381007842, 78.81404248237384]], "11": [-0.213484420904704, -0.15427202050237476, 860.1074498361943, 142.36202847785106, 0.7930038650916332, [95.50677880714503, 7.832532780997968, 151.87065068231172]], "12": [0.1678159730367358, -0.09430558291899749, 945.6935207399633, 747.6235682296774, 1.0384510320300082, [137.79761381169666, 148.31134177417488, 83.9072397607722]], "13": [-0.31881849403850315, 0.38859778304462944, 878.4273968796833, 337.9893984190172, 2.5014073458358377, [6.034978636421923, 206.18417093891813, 174.50997602853965]], "14": [-0.3462970315973677, -0.2759498060257677, 1022.2372941113024, 496.7695564697274, 3.0779216332627977, [213.82626057379758, 244.24709926512998, 190.03313572980883]], "15": [-0.38791017129292005, 0.2846947325246678, 441.85188551450136, 122.70986016381312, 0.5515843985448421, [75.7754920156768, 168.72218656295465, 29.894132438186404]], "16": [-0.09307565360952463, -0.49657431622796744, 527.3182744030995, 365.93187405259346, 3.952293042946962, [108.16613232659114, 92.74095962611631, 16.597123356865218]], "17": [-0.407270357568296, 0.0834850485469365, 660.9034473718572, 194.11816630049083, 2.535169653045256, [122.88118087530523, 24.069265786106705, 80.30948649697388]], "18": [0.11384563425602634, -0.4284140937651758, 244.65485969523507, 227.6258102448492, 0.5061994578572754, [165.35219729273618, 140.71950146290493, 21.24163136827133]], "19": [0.10028739564066225, 0.017515494005627685, 916.6321169103961, 158.94828613499365, 0.13828625300977115, [108.5764231785695, 29.684129310342318, 146.33413843810033]], "20": [-0.2607849894438825, -0.33602973054387875, 215.0782908451469, 650.2144051655333, 2.5593410430305132, [87.75887499287596, 116.25773374553212, 251.33967807024797]], "21": [-0.03035488476445669, 0.18308314429940276, 393.47903521853135, 678.7161409792137, 0.013624772700133181, [31.064434610054036, 202.37679204001603, 112.34135502629204]], "22": [-0.44289404062875826, 0.4404521302311549, 136.77809380841492, 370.77502966732584, 3.965534066015442, [112.8027106725052, 122.44883109336395, 70.53862304978715]], "23": [0.034500973919114664, -0.08694953612065703, 455.3676444724518, 36.59885338401993, 3.936996165449949, [188.01081490262266, 34.82100875469099, 119.21810708794412]], "24": [-0.394332467679235, 0.3704502207577687, 909.1520678729407, 227.85573166520533, 3.8680262358106203, [225.14306863142852, 88.12006775429597, 35.43074025484981]], "25": [-0.24000009346287565, -0.3520242701074364, 1329.686165163217, 450.11640693386613, 2.7161389319139175, [201.11507389735675, 141.25385581566718, 18.080373443205488]], "26": [-0.004123268999764451, -0.0685962061128308, 938.0925846934311, 315.838358357144, 1.4626652686765051, [37.23297333227189, 13.344045564124324, 212.97570650207626]]}