{"0": [-0.23952487366254116, -0.45932178943652535, 1257.4740346170595, 45.09319279016317, 4.752175517959806, [145.50471957149662, 131.69641963969286, 214.54819682749226]], "1": [-0.025674628182118964, 0.4152459883231292, 1331.8563157279907, 372.0518991029107, 1.4384573418152946, [166.96283730428945, 105.9107675505671, 159.86964369090936]], "2": [0.326834308801224, -0.4576344949641179, 359.3520756596279, 387.3744053456373, 1.528551388316154, [252.33496011497257, 144.74044574562808, 219.94890374695422]], "3": [-0.30902510216837265, -0.34426899925379784, 987.2402977939824, 370.88355174808913, 0.6994538746898316, [120.31830291951383, 240.35889717580073, 57.19681799937254]], "4": [0.2819995516501762, -0.14765907843397919, 1204.1657139238125, 89.20843894573886, 2.44918919429339, [158.49164436466484, 132.50038618068942, 49.18768545057541]], "5": [0.43137655797934304, -0.4655793245166132, 36.20237963752166, 331.7758579757741, 1.36749494236629, [111.5230151365034, 228.57488131662342, 23.752879436506078]], "6": [-0.41328083445520003, -0.311443070090079, 1437.3854466578862, 642.0450805963549, 0.1790667746272545, [121.54819941461034, 33.30756656144298, 95.45927812646696]], "7": [0.29888674914773516, 0.25136732729544364, 135.03635551588144, 648.3018110249598, 4.977140565003512, [135.93804291848866, 110.10026494610817, 160.74198053181263]], "8": [0.19721012517249348, -0.2558187060096472, 751.6019405786838, 647.6055998831513, 0.629986820467095, [190.29501292973626, 182.7943677559532, 157.54485962912747]], "9": [0.3555108733623016, 0.323888098018011, 659.9015561607233, 213.34581328329412, 1.0391563691025123, [59.77916785542596, 241.29821556484606, 234.41095488616764]], "10": [-0.10024283690434255, 0.3331982884739624, 979.3675815738693, 590.1001799207513, 2.8774275880408324, [43.27785471828604, 240.91945943244397, 91.87240410937986]], "11": [0.27985853139324446, 0.37981746668555716, 1331.3706005698211, 728.7057975975856, 0.23039086032845102, [72.31576745873873, 10.731913638689496, 29.034854733990898]], "12": [0.308941763201683, -0.40516190535108776, 1076.1333941709734, 31.688702209001907, 1.8016111013249185, [39.56585968742602, 96.11783484880496, 193.67728681820972]], "13": [-0.3739049524860806, -0.3423239360724789, 251.7501390854427, 467.32389729426745, 3.9155825762302228, [57.85812182696869, 30.57002136039282, 2.7424456380163296]], "14": [0.30448380684506227, -0.18493971952217847, 739.6192787108891, 166.66823027939222, 4.431589846095394, [235.2404839481611, 247.41979746562944, 63.077524201714006]], "15": [-0.4290107453802966, -0.2878970682688753, 149.92223247406903, 722.9785726434817, 2.883340704642565, [144.74905304745255, 2.6520627783475197, 143.71900719766617]], "16": [0.13057427834226754, 0.2511553525410083, 202.53262975750363, 16.320290231389922, 2.0369517880939734, [124.28708789522055, 34.10760583542282, 163.31608163454845]], "17": [-0.17663836932840193, 0.34867879285031367, 109.25357509143119, 528.1404338039035, 1.1201350835355894, [174.16166421680316, 228.39151921733193, 19.83307894293947]], "18": [-0.1627072914005715, -0.18070663752502214, 793.2946998423776, 145.1914164757718, 1.3619150218753373, [94.77787156030273, 32.684738922481806, 200.54345036614507]], "19": [0.0691184762318946, -0.18156337314639603, 941.3147520994887, 195.9792522490722, 1.0321713760493545, [73.68279578534965, 101.811363896672, 217.52552931316504]], "20": [0.352623311468491, -0.47439400175208424, 21.48750205982795, 421.3685855480418, 3.1823193942095873, [32.071616256047584, 40.35340846967827, 219.03120643744418]], "21": [0.3632372614306517, -0.376527687184933, 392.46528958647923, 202.26039805316924, 4.3922337914089535, [203.11784865263624, 69.12724678395915, 211.17959237847387]], "22": [0.04085591019976231, 0.2096680451655053, 973.0073633057808, 365.5728940642042, 3.730256427948413, [94.80720920142116, 44.35392739703837, 174.0541803167769]], "23": [-0.30949311146694236, 0.39104642607291695, 1058.7983941116147, 301.5804244024049, 2.360200818053158, [47.93668717821221, 122.87621422042061, 49.10969548213503]], "24": [-0.47731918398612705, -0.3882842967714921, 426.0778202593394, 723.3018560031036, 1.98429702692009, [26.664702836382872, 7.938597156582096, 158.8082911564631]], "25": [0.27992923226536726, 0.4312244997823548, 1171.742292860659, 374.51625878886495, 4.942606320797904, [43.611697220424006, 59.124902420693935, 133.13338598939612]], "26": [-0.1852067209086814, 0.2844452330117526, 1345.9775669034445, 308.0258377977215, 4.840978632626684, [59.011051648219386, 75.69327782917924, 0.8783829110979591]]}