{"0": [-0.2774517452538263, -0.10641497318250936, 324.3926993882035, 687.8482787319973, 4.281832584662217, [225.89379208610836, 6.495292098583155, 95.63170448736913]], "1": [0.4999410285694724, 0.3755620313114789, 371.77861354676884, 335.17879760068547, 4.999732462430762, [206.2308717833803, 35.046280758033376, 100.75760259247805]], "2": [-0.09140708226798944, -0.48907927525159545, 1015.5420024131262, 105.67253354157317, 0.12191172925346994, [214.49064685123662, 205.70968110197816, 222.21493095429562]], "3": [-0.16411369337295512, -0.40573547438076285, 1371.1468868453087, 315.17329655429745, 3.891238571525166, [181.45015568413183, 4.777906509168885, 112.74892804000214]], "4": [0.26296398259936415, 0.32869949185735925, 862.677823280362, 717.3466949833975, 0.6228584164003448, [112.53749096176469, 216.73322110904365, 34.89560008383156]], "5": [-0.20871777782184797, -0.2873535543611745, 71.9890575788568, 350.84609160069317, 1.0088572601975594, [144.83392517989057, 6.342973316763569, 3.8890222739406015]], "6": [0.0743781861690952, 0.3503457735695149, 397.3288580554137, 596.8311762914956, 0.7527819336935798, [55.03388939109482, 112.14554081479346, 120.1213370434284]], "7": [-0.2600871796062596, -0.3984103740048084, 1226.2263639963544, 587.3815779022156, 1.1218913516410423, [217.56470216695527, 172.5843631832649, 44.494431367096496]], "8": [0.044681676952231686, 0.31977935277859293, 662.9360989726564, 792.508666867318, 4.934145423868575, [224.98325465132044, 84.40928340246897, 85.18861106323678]], "9": [0.4619567514615769, 0.42711722669499463, 579.4949499284539, 550.433436540074, 1.2976256511312945, [101.04435761935729, 78.72650646716606, 204.1839139189516]], "10": [0.3766237386104063, -0.2580592987037622, 857.5892870857942, 206.19793953468903, 4.717051140785619, [236.41989374097855, 219.96360703246862, 189.06176022549624]], "11": [0.20430422347747945, -0.37342609609459954, 1096.3991526948496, 74.42892234988987, 4.693789040654654, [242.33731464073847, 170.1816467978743, 66.05101322763701]], "12": [0.42457021423141483, 0.4121990917275872, 621.7808630266861, 491.83838480831145, 3.319089029074242, [13.839099740957828, 62.86056609648139, 38.899985100056895]], "13": [0.2610974022781286, 0.4137821110657822, 201.91266112236036, 622.6172750278207, 3.7668595893307755, [254.34299756609371, 204.4565741630986, 59.197289721133494]], "14": [0.23385960838441833, -0.3729430372038218, 537.0255427316506, 557.3151262021082, 2.218682111599758, [187.5649232109797, 10.949722508378615, 155.10238574736206]], "15": [0.37362311391668523, -0.36023897523379533, 475.3579725002823, 273.48612335425804, 1.8434789082596081, [111.15878834523113, 2.630812930002268, 53.02936394070951]], "16": [-0.08415966511507544, -0.35316854072442316, 667.6504688358758, 404.57939090077366, 2.934296694274975, [41.38787241274591, 99.06200013158247, 243.0924530632714]], "17": [0.19744837764248835, 0.03768793239807655, 616.4205778111688, 0.7839248885121108, 2.563694129816935, [154.49413386444962, 3.5977295430111687, 48.839648055144266]], "18": [0.2653189819134931, 0.38453308701702693, 648.1236618179341, 134.56599386387617, 1.1347671701804103, [39.627440673683964, 98.73589207952283, 233.81107249222822]], "19": [-0.4152510566757144, -0.2914859623295616, 934.2601265962799, 383.27010456434414, 4.780483979203222, [214.69568738650054, 209.60675681691734, 223.39196055118722]], "20": [0.1393864285162011, -0.16755174950692397, 830.0988151946435, 586.3456163720355, 1.8941772154212915, [250.69924587219293, 187.9652511051244, 117.9647938507302]], "21": [0.46836048623633986, 0.30770467392221323, 1080.8079645653806, 267.7792317403027, 1.050659075073563, [164.9818103169724, 163.97810762685606, 207.74356396993815]], "22": [-0.25790280195007587, -0.22950164431237963, 1086.2667387058607, 570.8661428722286, 4.026425269671742, [202.31877523953756, 198.69800384832678, 91.36027227372409]], "23": [0.08063062454045755, 0.1356376013221362, 1347.3235660848493, 394.5135154501677, 3.0714448272720563, [231.10605889734057, 160.15245774520324, 140.6073520825665]], "24": [-0.291966047850871, -0.29553807741937144, 1065.2412690002675, 598.886108118766, 2.194794485298236, [172.14105836862123, 0.6527068306417549, 6.566572356901493]], "25": [0.38229588211543586, 0.05841144139108145, 1337.3857323766986, 75.69517818123374, 2.9584932558987562, [44.34863929962764, 96.88581685048494, 161.78135093025486]], "26": [0.22066987199236876, -0.23232501668251215, 221.70418674222486, 201.58585408110721, 4.357187266501185, [65.84950944993396, 111.98206359442034, 128.56625572547193]]}