{"0": [-0.058252168863149656, 0.005594229306803755, 193.93409904120884, 593.5277084605132, 2.878415242603021, [111.8251224784272, 13.378663570273332, 146.8317189538449]], "1": [0.43838090954393205, 0.1718720269636781, 358.9199214917816, 439.60983424241033, 1.125344546121737, [81.26797110288392, 179.15166716053128, 127.3519363081067]], "2": [0.3313984607159084, 0.09328118644082384, 943.2567338050042, 650.3338595662432, 0.6746343355372886, [82.9285212161046, 129.8028710409099, 45.313831657035664]], "3": [0.22742493459843438, 0.16913587782315498, 605.0211586411974, 467.47296456369014, 3.4637117088920006, [102.09467023372383, 145.8730011296777, 95.79965231342362]], "4": [0.005533686590043829, -0.39149186088305576, 194.17571868362947, 346.414004642177, 0.47196992107975066, [24.497753069357184, 100.22516504492562, 247.74383136655536]], "5": [-0.16229471857533673, -0.3398462678360694, 907.8337960159288, 792.1037475274434, 2.3397072398409104, [110.77321492419028, 38.67932756609297, 43.00069405821438]], "6": [0.010882440918304925, 0.2811961100704887, 1421.415065911532, 322.20812382552646, 1.5504360603459633, [74.6625645818554, 29.542178122901593, 74.42557578269032]], "7": [-0.31696079861332893, -0.48518380850281595, 356.08276302463156, 256.41135456998035, 1.5532925726781899, [45.02018860420762, 75.36172016272268, 77.32170428133492]], "8": [0.2468991198612066, 0.37529163802686816, 919.2495501010206, 527.0667083156482, 2.566722122055103, [213.29499791976104, 247.5860730476049, 219.88728207416898]], "9": [-0.2517894339321197, -0.11039944399306845, 1401.534881854703, 795.3918600792912, 4.038683518350031, [45.255392601018194, 68.77219299886032, 77.82914427622617]], "10": [-0.3706270511880888, -0.33706464578872253, 1022.1694398147009, 737.9663825060429, 2.5183296733461, [201.6201329584748, 106.17452394255955, 160.4807312595645]], "11": [0.44831692754137764, 0.31288055984669716, 1174.1881449731113, 565.9936776735434, 4.197667120952996, [60.449374019961205, 200.33483245175887, 130.34131235645472]], "12": [-0.027567889650763955, -0.22304794797425587, 1247.205254538669, 730.8833395350845, 3.4572943266213034, [13.786942454386455, 198.60304681031624, 92.47015123693113]], "13": [0.231059018311496, -0.2996398486700299, 1417.3642889893977, 302.44884562206425, 2.8297159434169883, [99.443424070315, 183.70805944629615, 174.12107657422774]], "14": [0.3109926022756171, 0.17149419555417322, 68.3777105851719, 641.9555575254635, 1.6668193243549778, [93.50702591408255, 116.1427265260086, 97.6137676294136]], "15": [-0.11103395183254317, 0.19836726858592746, 1419.5834639558493, 765.549154936906, 0.7396982096042587, [159.06092574653212, 63.50788331532719, 198.52957077438816]], "16": [0.4119038953673396, 0.2795483034723647, 1180.0215287690712, 60.561527339313685, 2.9400462385140544, [69.66878078916044, 12.447192493728227, 228.3560422016984]], "17": [0.13059377766245361, 0.4067103137782586, 501.47762155511424, 184.8251162836976, 4.567103770014204, [243.05268381157003, 240.58332701549568, 183.0429225642188]], "18": [-0.1492955058204315, 0.017934223006273675, 978.8966679259704, 49.41072584198673, 2.086529558449466, [31.570517565513306, 211.97511695452286, 233.38422298996497]], "19": [0.06821785317432172, 0.04334973110210094, 481.76378320841604, 540.8263193907814, 0.15678865332225012, [109.935348082802, 222.79395536607856, 48.91965726873406]], "20": [0.4073357354660285, -0.47139784276040875, 891.3362214592632, 234.67220129446656, 1.8643568335388387, [217.15202208647113, 2.3806736629515934, 91.90409869962586]], "21": [0.04279382898224682, 0.018718098126070504, 748.0344467601445, 487.6493129571619, 4.144568925869587, [145.43664620549637, 82.66066418697702, 253.19873283631136]], "22": [0.28157972673032705, -0.395534897162509, 367.49694832862156, 493.19708165867013, 3.1067771779274245, [54.74577639511014, 119.02034864320431, 207.13344252189754]], "23": [-0.34842970570861653, -0.48588102680177236, 210.21038060479344, 682.7409239505484, 0.6528086001456179, [142.419105320578, 160.02360608681812, 173.96772700669757]], "24": [-0.11203823938451929, 0.4303786084667809, 35.82733104274947, 332.93479040973057, 1.0228487524083292, [94.30156432630055, 186.10594476007864, 124.16594817758465]], "25": [-0.15528570484656845, -0.48605395096209403, 154.86829942774438, 340.609851765009, 2.1962376587703836, [123.39180048712966, 119.8073518721113, 90.43550240522337]], "26": [0.4771095491840164, 0.047674927956017576, 1211.7849704661724, 119.71374075671753, 3.4506258424861542, [171.4931946792461, 14.177811530679197, 196.4644099729841]]}