{"0": [-0.027775616372594514, -0.1681676885179788, 875.7154263268451, 225.1718471843076, 2.739467862993358, [168.18938428921274, 178.6521175723316, 223.9656033695977]], "1": [-0.3522615666933995, 0.4735759372839242, 1126.344328379785, 646.1015669416654, 0.7928696056218348, [11.276004264867149, 120.43211236336863, 176.6886235188606]], "2": [-0.10557392191260317, 0.09623699643017525, 61.73957932207438, 737.9227365913445, 3.7450057739024545, [73.27271938695924, 90.8387485011573, 58.76178282212122]], "3": [0.31251866561258224, 0.15047621743999284, 1036.2487565910992, 103.43221103221376, 2.6082238845816925, [190.20379348610908, 85.72505530135354, 10.748946306302333]], "4": [0.24490140209791622, -0.47427894896080247, 513.5905034083403, 470.9065883473717, 0.19673708296008396, [154.7178414174977, 19.46193749933323, 70.77927899700367]], "5": [-0.21872656128410717, 0.29032236980461557, 57.409204208735204, 340.1512851490426, 3.1105953263492103, [201.10978893435149, 93.58712388575023, 13.341609331115544]], "6": [0.3226531276433966, 0.42628547519890414, 1258.953337961273, 329.3257377509776, 0.778887369393666, [185.03578854994655, 44.88208452078521, 98.48869914602737]], "7": [-0.1613450576020241, 0.05436693181036578, 381.4851462796869, 581.9018723442198, 1.8924918406343334, [173.96375267511652, 124.45873840941974, 60.28235653810171]], "8": [0.14293402053552373, -0.41213493404357826, 342.8682433100425, 576.8553129322265, 0.16198147125308815, [78.78178072948984, 206.9891844485597, 40.47309998655407]], "9": [-0.05867576604846303, 0.49360529862462943, 1414.6412718653683, 742.102500134133, 2.8922802854754726, [114.92577201232164, 88.31872128946169, 136.04349272868114]], "10": [0.10961747626277418, 0.43710824186463326, 232.84780487251297, 165.10897546647482, 0.14770600284621238, [132.00810090377857, 8.19440339346812, 48.820020561280664]], "11": [-0.3068739549405992, -0.06162602593774269, 746.7837825236878, 632.9193985947486, 0.5067479380286355, [146.94176571609887, 42.6728490786352, 10.13311040503259]], "12": [0.28017267988185834, -0.3112443328845227, 77.92339018978763, 393.2855999899497, 1.7844868520269581, [43.419053075473336, 186.46047929071466, 126.55676326965566]], "13": [-0.23400365101946963, 0.34350125103085694, 1217.1150636195218, 782.0080560013661, 4.112822414558698, [146.60040369951992, 123.90894243298975, 123.39200718526523]], "14": [0.3433037208800127, -0.2788958938184267, 177.90821799044141, 784.4764712746146, 3.7494547215256318, [36.30535041641696, 250.10746608822774, 180.8151587712113]], "15": [0.13289413139157014, -0.2587146838133535, 282.8479533663029, 145.55485008718412, 0.6541319433039688, [240.4241652286511, 161.53512026891005, 133.8553054797198]], "16": [-0.18485453371044192, 0.3131870009702056, 1405.1829210253493, 627.8015763971581, 2.045477234958475, [251.0148055223259, 34.99341141690604, 238.7977500966694]], "17": [0.14624417385904342, 0.12895347645501054, 1005.9365953084134, 353.37584917296823, 1.7866089389836137, [220.60904944494433, 139.0860193336165, 166.4293950093835]], "18": [-0.0063510024144779464, -0.16080340887149647, 242.93623997986285, 615.6133623272681, 1.2784225153555295, [240.02068007032298, 6.090367906353205, 198.33592153404348]], "19": [0.46262923463814065, -0.020634041836581796, 9.264084489016202, 661.8500785307493, 4.194360678274218, [93.03359051640108, 89.48531740153472, 227.55102359434755]], "20": [-0.26576451479498053, -0.4168323353848731, 970.3347760537321, 783.1622495785905, 1.747671423331445, [234.3541531866222, 251.1662099696453, 87.81852890044311]], "21": [0.3815073970080356, -0.07498450590743888, 721.9721451836361, 239.87783125110056, 2.1544794953465547, [74.12805996844553, 212.1473570486116, 227.4889760350552]], "22": [-0.12090848790545339, 0.07321901337564585, 1083.8547977514925, 487.7284014388998, 0.20521741862485565, [64.89929772654742, 42.10644308654763, 196.08265154362113]], "23": [0.47232211173239724, 0.36909465163143984, 1275.616237967037, 466.0151660803096, 4.27699792077212, [193.40665776768623, 229.3028423147414, 53.45216536199621]], "24": [0.3958931966645095, -0.1798659237498702, 1171.2780124569206, 477.7936612586692, 2.5774904757491917, [111.47294903035208, 105.93398115611691, 174.49905781181675]], "25": [0.03844633834253608, 0.016204267393542304, 953.5292785192771, 543.9813586236436, 4.343530742764235, [120.89400287053154, 154.39262375027948, 204.99425943590686]], "26": [-0.14646375916341758, 0.0844517575139524, 598.0428593985719, 325.66368466222684, 2.460494504467761, [162.94692024545898, 176.21572135499216, 131.22302235295334]]}