{"0": [-0.09377658001558431, 0.08837769686068997, 605.6736268741344, 412.36603605709774, 2.775300662259647, [209.37887539224351, 111.56950339599015, 139.6485331781799]], "1": [-0.22211188037947716, 0.465497897952439, 845.615873276089, 209.38208352426963, 0.32939900833917346, [191.36114968773924, 224.39602422264696, 83.42528737983072]], "2": [0.3170049058438573, 0.4121499587550119, 1406.3212551184606, 753.2698834350009, 1.0185718873419103, [40.62522361217665, 78.32838207863874, 60.44419666836034]], "3": [0.3013850688324189, -0.23107203810262156, 819.589296497511, 697.427120598568, 1.0870107347333762, [65.84113622807085, 40.571948146502834, 46.50651710350806]], "4": [0.4577641420312065, -0.4227524014890759, 206.84061250152772, 753.8309563718028, 1.5602949580348775, [9.660998658740246, 156.87141332016833, 68.20412331170064]], "5": [-0.07690441613884436, 0.33732686467075534, 1175.8264289837946, 777.5437706047226, 3.007593144897531, [215.13754821443086, 22.370188268302268, 139.9090489274017]], "6": [0.040203857579064306, 0.4757012538208266, 532.3302226817312, 105.8442608675489, 0.46680697037710384, [227.91014431223095, 21.077334225795695, 88.95346752502027]], "7": [0.3614564278425575, -0.025399816997142777, 829.344945310644, 320.77473087603164, 4.880784953228103, [186.59389630631807, 144.8656215996845, 80.14110094104052]], "8": [0.0012999196316404449, 0.3441404245222598, 540.0158320778313, 129.2055150453475, 3.0840897340274576, [154.32225615365698, 73.22157534765736, 191.819883669664]], "9": [0.4432704650900714, 0.3718623001162096, 609.6622526294345, 76.78368463680307, 0.7730976559403385, [194.74443042629514, 253.35736476324894, 212.0569494775545]], "10": [0.19691176715273917, 0.4600887092103747, 2.561893897753329, 30.819641815573284, 1.9141108145774814, [2.62423760627857, 147.96885949965514, 123.91158225001273]], "11": [-0.4300652970021569, -0.48089784944233605, 718.0582518329874, 291.6998759623136, 2.706421131675343, [24.222496076574586, 156.74491930203158, 35.4520218040996]], "12": [-0.2932210945131999, -0.1724448911243991, 42.43630086242648, 205.8520045384676, 1.965299157228737, [125.96739210319603, 33.4157374328153, 59.923879812809304]], "13": [0.4318783254612678, 0.4120202371349556, 817.0719444980948, 210.7446865751246, 4.82505364683482, [114.30373437983282, 108.89417679929576, 175.85014211930925]], "14": [0.06606123462865032, -0.094125843147299, 1149.4278121966938, 324.0598494967398, 1.8123445835419194, [97.7707734765111, 190.49797118441174, 201.64478436667275]], "15": [0.006702279216505125, 0.26561351158221735, 1398.4247556256262, 378.02954799265177, 0.14829436799726592, [250.4527757092765, 40.21748780219171, 142.87437713441406]], "16": [0.25652829790018983, -0.34233447315135235, 1026.8663474707532, 434.896678069821, 1.498730001815292, [193.8733840604631, 203.95907812265747, 150.77014626628906]], "17": [0.2123454937362914, 0.4159623299945595, 738.9440061391841, 87.17871345508028, 4.166048739018556, [123.47293198140454, 6.377945412726685, 125.51244967368264]], "18": [0.06683710423728473, -0.4487225987964282, 308.34751139408627, 625.7144479150246, 1.8612047935601788, [160.0925661199384, 86.45497613419937, 211.8266375514073]], "19": [-0.48109312674503446, -0.2453755944976833, 618.3465851411538, 721.1817422314423, 3.9349051855711306, [109.45539617161312, 113.25200900912826, 119.18116861353627]], "20": [0.31881835887829535, 0.18358960237498312, 691.6091195991655, 425.2299313169521, 1.9959486073541266, [47.02961646109431, 4.3239469820206935, 160.94892596238313]], "21": [-0.30594719726317643, 0.2880220266287016, 298.0238466588214, 158.60569982745193, 1.6756252715764859, [193.7281445347939, 191.23399541312375, 77.29901643435768]], "22": [-0.0668617680384197, -0.2687834074373703, 1311.9236339207546, 238.04291862470546, 3.4657736278657074, [123.97988445661989, 242.29392136592037, 23.801989762342295]], "23": [-0.06722313967370075, -0.3205040595827441, 990.5548395372617, 531.9966519030993, 1.377421490502827, [189.0674096045847, 45.25230514751138, 170.10488580455268]], "24": [-0.2053548631553942, 0.14437777770145377, 441.20169870233246, 442.74588938065153, 1.317351610992867, [84.75115159039639, 63.33742249144062, 184.74206067339637]], "25": [0.36022795209158165, -0.3278643877466416, 1174.8432205758677, 173.06675991504764, 3.8400779744674365, [196.46052564471833, 224.65092549583596, 175.3285343529039]], "26": [-0.3491111001118663, -0.30413934931831577, 864.9183238474089, 584.1536593431236, 4.641810591022674, [210.91098203197564, 21.421425612197154, 80.06883142744238]]}