{"0": [0.15857641519709575, -0.23557526531429018, 1327.8921040664466, 388.88937503516934, 3.978559301272857, [107.45505580352604, 216.58974193933216, 239.28808423334667]], "1": [0.24904263971902518, -0.4436290148698747, 1310.1874787190013, 389.45461467404937, 1.832487740873891, [104.98802603571654, 23.088400939743124, 93.23727616821633]], "2": [0.15962081822778829, 0.26053072310079095, 366.443218080429, 460.89974905256474, 4.477029062688824, [149.00955415318745, 252.62347836501755, 142.2576808437582]], "3": [-0.345192475401249, 0.1565817645760461, 822.3853059428517, 310.31401506066436, 1.7406608934555505, [247.93560716625177, 180.23188742122542, 200.8561304810334]], "4": [-0.32466982713165615, 0.2087291980918231, 126.71040999824453, 731.4186908121713, 3.2865125980643253, [236.3240260891936, 130.24939423725056, 252.34902715367954]], "5": [0.042651118891862905, -0.3758887547933395, 1198.250309856781, 678.7085886675233, 0.009732185732462262, [205.25486989457056, 44.2196046667334, 128.47112474431074]], "6": [0.3966430547341182, 0.3693489907804828, 1169.068574918999, 320.55768352071425, 1.7795821231051778, [74.11283420141905, 28.644064139452016, 111.12291934197226]], "7": [0.1702174255807073, -0.2007643850636548, 453.8678569051718, 421.4855635023811, 0.19935425772833748, [64.042448971325, 92.46458117065328, 215.62021134062852]], "8": [0.11144008068113886, 0.01063436761133052, 1431.4665019917584, 276.88349858728986, 3.7527540661112164, [112.04124608439048, 5.990047943473672, 17.654758218411217]], "9": [-0.17286142160258633, -0.4498294892123341, 220.67493606481315, 738.1549843431638, 3.8219627192375167, [34.97987990155402, 215.34744516120477, 171.17815577031246]], "10": [0.47091647613534326, -0.18025218160767975, 876.7946833783336, 246.661861430072, 2.7390011703476116, [112.05984059034074, 152.08255618350162, 209.63248457851057]], "11": [0.31539227316134644, 0.13357606936889188, 473.27704025510843, 703.9092041999766, 0.5642927348814425, [35.07736467638473, 172.40357663934216, 145.48507509517853]], "12": [-0.3138876957271761, 0.02860772698256997, 1026.2255367074895, 131.90089099198613, 2.385097940428702, [204.54765625537448, 31.96026940159912, 211.42253263568387]], "13": [0.20307764546832952, -0.4255925353300767, 1429.981314515604, 200.19417928865897, 3.0050852488081574, [154.8932286950293, 151.4837115256793, 39.320021990929234]], "14": [0.31722996497312905, -0.44904024899729633, 424.39853297904136, 67.66884357024398, 3.578045325195081, [48.32828997661997, 122.61238739219698, 56.551778634176756]], "15": [0.4881266700845034, -0.42184676401776433, 332.2102900551948, 561.0825209132984, 0.8133325022425181, [75.54806269518588, 250.37534852192186, 45.28337269853506]], "16": [-0.14172868302283714, -0.47124123422052633, 868.4167521027749, 338.41440014969004, 4.207861253668793, [65.21019027438297, 203.2492817099702, 110.40767118796687]], "17": [-0.22627734852369574, -0.4084237189750647, 1137.9015034064087, 206.09711814803546, 1.6294803641486726, [54.67054060187605, 159.44336509925645, 154.1805415578403]], "18": [-0.3523175411007954, 0.4678519876694256, 99.7154097065451, 467.0834837111701, 2.0795306057065517, [78.85639632519623, 103.99507661040911, 52.173276384058504]], "19": [0.024685029308982642, -0.297823340162899, 892.5585175589893, 516.4355760721436, 4.456157073162952, [216.25258890292173, 104.2091064630838, 153.71850087797262]], "20": [-0.09096459701527293, -0.3621485331017342, 664.9777683805155, 670.0471340835471, 2.2186719261982124, [92.73608567426541, 39.162492589753825, 190.94300935243606]], "21": [0.17017782389619263, -0.35397910007587907, 1120.5597888794384, 45.72940542687132, 3.5366930476520047, [128.22165748006245, 180.32253682814314, 169.5903040007099]], "22": [-0.4510345250306711, 0.18045707993717042, 817.7895624683042, 156.32974651591613, 3.9280395826195065, [96.83200629907212, 216.13452836929605, 224.93392083054803]], "23": [0.22895971762244016, -0.20504767975888583, 1190.5381415840127, 191.5535545847921, 0.594647211426389, [143.272923644376, 22.50029932753366, 119.65870334673512]], "24": [0.06632947882321327, -0.08655416065472132, 497.2127658114179, 209.66880355591258, 2.5213313321764868, [234.4563077161866, 101.14797665938104, 244.3063368189522]], "25": [0.4134714454796301, 0.4392567308530172, 576.2929081384275, 502.7761292431026, 3.029765959512554, [184.94183255363174, 12.165435706273753, 110.72107320134982]], "26": [0.04393174386969767, 0.32079478863893296, 375.3455351318586, 318.5494116877897, 3.069679676716273, [18.482668748460334, 184.0674518126636, 172.4470223410754]]}