{"0": [-0.0006369775301416913, -0.06932072870664374, 733.9340519424605, 310.9877235443066, 2.834263645139749, [83.44857297876612, 7.345547604233202, 230.02596455614477]], "1": [0.3169921041641308, 0.1656410906590664, 824.7016857758313, 715.5318023590772, 1.570587402421223, [23.923113517852705, 179.42115149422293, 90.5352057137917]], "2": [-0.013697072143784683, 0.04822084991308573, 1247.5945121301258, 422.39946675974716, 2.9915673524480315, [189.05285840854492, 167.74701177993992, 223.53733090868093]], "3": [0.29400292833515884, 0.060161908817493503, 222.25956983258018, 190.20618406436202, 2.491439049718014, [27.9421644749114, 165.86603151142296, 166.26798005576853]], "4": [-0.3620751858825969, -0.4491359545069191, 730.703881567998, 472.4222064078311, 4.718303576996519, [116.88166081522134, 140.38517773831887, 164.4083463854776]], "5": [0.44472192650585207, -0.3132087448441657, 725.7388476492711, 613.084857141838, 4.1764036941587515, [163.0380419022524, 64.89218918396274, 149.05752420232412]], "6": [-0.06885124806246645, 0.195079176589131, 1103.5017420733773, 3.2598416209981274, 1.5971684356904325, [71.07732122070716, 15.377720606639492, 44.145665220114836]], "7": [0.4614252522348202, -0.2181327088988777, 22.06926992477083, 72.60226264199395, 1.4237352978069195, [176.9664747631338, 106.32265346478782, 215.6702241556875]], "8": [-0.43187073787691865, 0.32248665092703155, 1391.5874537949474, 493.29423729791637, 2.8657633718816315, [40.399578818623056, 240.67910322614546, 59.5232529845236]], "9": [0.12274360548376317, 0.34779732089184967, 962.4532944167573, 529.5637715580327, 2.4791673647784314, [88.83077026899298, 229.09542256216966, 225.3504883728679]], "10": [-0.07183135701845345, 0.18920343348248614, 757.1251916503492, 59.87356892939415, 4.474020730139356, [73.33740661736894, 75.93376501311056, 236.9730983930574]], "11": [-0.4060528616519369, -0.09014494798213657, 289.25435367206427, 667.3510976345889, 1.5672877804636942, [83.74203133609821, 180.00648129218183, 42.99369376557075]], "12": [0.27781104632357745, -0.35012215327876994, 320.45534831357605, 780.8756651983301, 1.005225778342279, [143.23551475209408, 165.87936422843248, 115.2871805916855]], "13": [0.3027112691765178, -0.3392107276989821, 15.435415908406114, 87.38792335318254, 1.0415479441490079, [182.614487708761, 68.77962783967862, 141.5214903180932]], "14": [-0.1840156148367148, -0.39491023404298975, 566.7934066506359, 140.83652291372735, 4.372037959579363, [160.3015764683625, 46.973309310197465, 71.52857096853255]], "15": [-0.40589898497868204, -0.03929265453282238, 204.2095733921556, 61.2998160812718, 2.7967382585181717, [215.51381451216446, 153.4810166853826, 63.41486097562713]], "16": [-0.09804764871227056, 0.0511590706499262, 577.1451802527272, 206.23522296465114, 4.392886971838283, [1.0344567883880957, 146.3572007665388, 240.25827211443644]], "17": [0.4008420659995179, -0.08081726579681958, 1229.6418110612476, 498.0884228289874, 0.9548918620548202, [194.60541360476455, 61.34141837628707, 197.71339604025846]], "18": [0.2645441109754132, 0.4336074025834953, 1134.5562626957312, 294.8626951019653, 4.2849860958506465, [82.80695813992135, 16.9648734945092, 81.76485659751243]], "19": [-0.21600468491127722, 0.016608882676753534, 1047.2106466126693, 542.2170015400562, 0.01292487013456689, [223.77795489813633, 138.4335484748391, 53.92867565389702]], "20": [0.22663559362793495, -0.43888541531455505, 265.932136054822, 606.5385648117505, 3.905752978419602, [23.71494874403364, 47.45889263743518, 105.35630220028365]], "21": [-0.15068706339573412, -0.1494685406802172, 47.71107717954125, 446.1063599038269, 1.6381881629364081, [169.6187271158884, 245.13575432606018, 5.431232496370792]], "22": [-0.4951678658345052, -0.4650399400966859, 359.00473470493694, 210.67230531078005, 1.3140877653690197, [65.693484808434, 240.7116555326807, 220.6091781350531]], "23": [-0.33041285177474333, 0.2325543238565877, 344.9176254253498, 703.9778046660124, 4.526532318184972, [250.0912372376983, 160.97930626586955, 93.70581938219803]], "24": [-0.4536365956140307, -0.3071432241243526, 977.9580261003223, 721.3493386954129, 3.8284602892817796, [125.05578362283977, 1.8765799307860713, 248.31561291759385]], "25": [0.12363304264147468, 0.17298433277107284, 1365.8341753215877, 231.86693814570623, 2.243459253399807, [117.87855560525107, 246.1455344324011, 177.0691213334145]], "26": [0.42104504892815464, 0.0821149657818595, 1298.9994595345522, 796.4465264977022, 2.963416565942948, [71.81989806615609, 159.85218640864733, 130.75870729996944]]}