{"0": [-0.02467123917976477, 0.26971395198393056, 1326.139743574293, 396.0235782497353, 4.11648699902997, [81.69889778645923, 75.36172289363657, 218.34992374604994]], "1": [0.2848146801547906, 0.27470413730201193, 1413.6697154271258, 154.65872829150874, 3.292830870625016, [204.79177613332524, 151.24485201712832, 64.19501794366519]], "2": [-0.07689609837733957, -0.47628893773378367, 669.6329323338706, 514.0039991705552, 2.825724070273232, [31.671242555621337, 248.2954480984679, 227.4838629987975]], "3": [0.04151518522189268, 0.4120325417825229, 527.1630694612845, 276.13826213285535, 3.2561024267343393, [95.1406496161132, 83.09904434804612, 253.72876712828378]], "4": [0.49705909224991285, -0.4530757888211151, 120.33875735273799, 402.766468124665, 4.434227427582434, [199.51231075424812, 215.1950178122759, 116.61771323091948]], "5": [0.06296853320631524, -0.0401270592762113, 513.119260729836, 112.62987112478804, 4.634132195956981, [18.815191824781408, 197.02515469631476, 89.20951961953665]], "6": [-0.11318663632152093, 0.3408670250335365, 930.2267078348282, 782.5645602700189, 2.0338175537176313, [243.45065184010352, 173.97319106900477, 152.6667505366913]], "7": [-0.4669524182181243, 0.2156256158570924, 393.2616727233547, 115.08068933237902, 1.285048964217702, [135.92052422498676, 237.9530342816851, 21.67167122304735]], "8": [0.1041228159342259, 0.3032729385953674, 353.08886235282114, 288.6396826372225, 0.24284622396830324, [168.66663286943717, 57.44759473403984, 90.83381776877967]], "9": [0.33869947515008947, 0.02684760058087754, 1415.7688956512022, 408.8351606341347, 3.7938737815527563, [142.78559416143187, 199.2472695217072, 227.2175591740306]], "10": [0.08809754785299062, 0.3062668313683503, 773.1970497406418, 584.6084359969043, 3.415806811431572, [0.056667309254917475, 199.20710625319475, 236.8227428943135]], "11": [0.18927446879781018, 0.30708218118251907, 1234.775014082802, 559.393999826445, 4.702179646390562, [216.10164983142693, 239.9274353521553, 9.367896773254182]], "12": [-0.41225292933966107, 0.3883271266846112, 1150.1294220273626, 107.2868296961424, 3.58265397776599, [86.02714038917016, 36.60635785681966, 144.9610729019076]], "13": [-0.40497885439890213, 0.2617850274364729, 265.00546394626843, 273.2746140138714, 1.7195820942291369, [204.20013620193305, 197.45239212650912, 225.04569031987535]], "14": [0.28252871324227335, -0.1770975768213754, 1191.2879198843705, 665.492329918138, 2.223751414063841, [247.77857155549088, 106.47016693157903, 125.22099223083465]], "15": [-0.14474940402373537, 0.24657073227220416, 124.3110748627906, 17.491940181657295, 1.9135952258398774, [209.816603365155, 50.106839499581945, 186.68528545712925]], "16": [0.48743685173727747, -0.16214246368618157, 296.6343669208768, 672.3740412912895, 0.33067383681052, [159.4577362049679, 153.87534703251393, 194.5261715821341]], "17": [0.15770434173324177, 0.15887696333866475, 891.31640789839, 764.3291475078461, 1.1930496477039632, [179.62929822875859, 111.68406684316844, 151.09076843381123]], "18": [0.05175141717720222, -0.0989170363894204, 697.6580345976972, 795.3550803120706, 0.21259924703376287, [7.493854434373288, 127.43865779038474, 42.00707551662359]], "19": [0.47147710835281564, -0.4172870037116133, 209.28855460630987, 13.466731277706057, 1.0058330754617961, [228.1729847449592, 252.8626441421893, 156.60750849485572]], "20": [0.4288514725292212, -0.20320562373193574, 813.4336218308879, 669.0502057433023, 0.5532550277472992, [198.65082249332056, 58.52588560973954, 45.244941444887736]], "21": [-0.2441894483465249, 0.3280828825310512, 1200.5119176900698, 160.16897320002553, 0.5681929622451903, [99.20929984059326, 164.29976723530262, 246.380267115827]], "22": [-0.09626183646453235, -0.2321329869960972, 1296.8248050644827, 386.29567914252414, 3.1060882255540747, [222.7120989894531, 9.21665341823273, 153.23752207781038]], "23": [0.04902559503872561, -0.49820164347360973, 1271.8224893890917, 279.57829620582163, 2.065250612443725, [44.751982653636, 118.58823064212275, 125.13869935257885]], "24": [-0.14155940715676507, 0.45065175129290436, 1393.5520130165428, 526.5309085576062, 0.7316743235204193, [136.31764366614743, 253.16492227968686, 171.416451084832]], "25": [0.4639418440370635, 0.4978303521321703, 153.36157116393676, 156.6693439351602, 2.8980366520359997, [41.68260968551848, 232.24364066922706, 142.3086952322572]], "26": [0.48877202247796836, -0.13782997173724587, 89.44813807308535, 397.8801686211514, 1.597653522089063, [162.6299623726409, 120.79249314995539, 42.008017227664574]]}