{"0": [-0.4586763219841391, -0.26943056638584484, 743.5116785406901, 544.2874438636709, 1.4588694641661804, [178.7334121759696, 10.710158634753078, 107.0534412063891]], "1": [0.06484423096499725, 0.226771284363657, 294.96022486424476, 656.5655821666359, 4.117818348977796, [45.333045843125454, 38.33742261641371, 9.933918207824405]], "2": [0.07033648791510783, 0.08584532855706895, 1266.6187043975638, 376.68648074449277, 1.8858278633264525, [118.10166340005888, 208.85957281846999, 49.42928012457463]], "3": [0.06494620484191205, -0.15772512313886966, 15.042171857520916, 292.0943529560094, 2.2238730751056695, [18.492132841953662, 1.0621482658616543, 6.62367952348767]], "4": [0.08154456695931067, -0.2278534377350072, 714.3569664526618, 567.1008584084937, 4.260615499091648, [240.44302371839666, 42.454519123392, 249.98949521684406]], "5": [0.24823260588619844, 0.16522758123157577, 1392.2600198257967, 312.9575017668123, 1.5775512716767537, [89.33644816290908, 163.73452889035872, 155.6305984259329]], "6": [0.31201174876536564, -0.43626533217983865, 920.9142978018389, 311.1943071629704, 3.9833739704011624, [12.914946150118345, 7.323330738557223, 189.0093522577283]], "7": [0.14200246695196195, -0.09208106646374303, 1290.2826035661435, 696.2168655208811, 1.4901053751021225, [241.03015446733428, 192.8182071805958, 246.3880739719961]], "8": [0.12999411497381763, -0.2060552112276055, 1340.3826251114212, 482.4860137009215, 3.5300799468333044, [247.3214193469021, 213.93878111655525, 126.55608796728214]], "9": [-0.05390440553450149, -0.2608454685181091, 676.7560785475985, 142.0423792128906, 0.9693823943202529, [216.92862548039218, 89.30103632155966, 111.70426202737076]], "10": [0.4279582755628568, -0.3633418021427832, 270.94828444207786, 347.24176711470454, 0.12633855909169267, [225.49404953996486, 84.56257896434104, 189.1252983270149]], "11": [-0.354668180763848, 0.41967295896855505, 447.52673827531635, 127.06788993185639, 4.661414112736464, [165.78676430313604, 54.701290605706355, 90.34569116837251]], "12": [0.40266011550567327, 0.11947444306001709, 286.659178435692, 584.2469676170361, 1.4202341949456403, [167.57065532518916, 62.53190076278413, 98.8693010482057]], "13": [0.03884646124239344, 0.3185470755537655, 1322.292207367087, 537.6518597454674, 3.2818168177661615, [237.76059200516116, 50.71221343655272, 77.3821882928559]], "14": [-0.30300550323075415, -0.335602942340823, 608.0621973401318, 673.7451083966992, 1.8332188200953659, [199.653018964225, 91.00489309069344, 149.5512415148135]], "15": [0.1316067790000529, -0.17346383514925945, 754.3141231007708, 121.92327095486179, 0.2844485720268147, [48.01530199158347, 189.73482233114137, 36.609634160789135]], "16": [-0.38577261601658486, 0.08772274400955948, 302.57633122142227, 726.9169427466479, 4.867602642517021, [76.15834235286226, 220.64832486101918, 148.05330020870423]], "17": [0.46374169189861714, 0.48362079230160504, 1359.9025560523864, 419.5684875000525, 3.2020945750562477, [116.79028404728811, 118.03341575096651, 131.5721769054072]], "18": [-0.11417941124384468, 0.45649368684442826, 317.45298305283666, 57.1439840068451, 1.4740251377347406, [112.44708391347845, 172.1114980804182, 124.27279465497487]], "19": [0.25896345237979057, -0.36249151658708034, 279.0067564182995, 280.4278723282956, 1.7245726311269944, [179.71734122549964, 3.1129977048220674, 157.96624621156207]], "20": [0.2670393887180841, -0.4565323306125011, 1329.166454632888, 66.52680669302723, 1.257143432311889, [1.3833203722741871, 146.8835378254898, 247.34215600869248]], "21": [-0.39917322934350563, 0.15062892270413042, 550.172796333022, 251.23039072821678, 3.102618591484847, [96.49713378088214, 197.30892162166018, 188.82585409316104]], "22": [0.38746124829532247, -0.15972199571038748, 71.27048105678216, 755.0235561315108, 0.30754874083416706, [13.62281134042163, 249.8312864838938, 39.70630505529378]], "23": [0.23326542114096616, 0.17616888289462385, 700.9208000853737, 753.4191451634151, 0.8711631029259076, [112.23634383480946, 100.0570526925647, 210.36285249744805]], "24": [0.47137545354481136, 0.24198819871911637, 0.9816830264067455, 755.125405565451, 1.8992758871689364, [88.26448855389431, 92.41032016245346, 166.50609368647528]], "25": [0.011913782556201014, -0.07752329310796735, 1286.4275868406805, 316.76487251210307, 2.8745060236166116, [135.0882873266423, 14.771237072083661, 99.30217025988553]], "26": [0.1953038503099187, 0.2500975525810829, 1053.021718719038, 660.8404906675931, 1.251691057793698, [222.52375389775818, 184.92267988680376, 191.67687072644114]]}