{"0": [-0.01613098346485653, -0.2425422277511049, 402.4094702593376, 120.92201241345899, 1.1130496946269608, [25.97308334634327, 96.59067671283663, 172.02333225143653]], "1": [0.3625996359437387, -0.015525820387766065, 1243.1659808665565, 712.4507383957086, 2.9411703959816133, [55.570875066828634, 72.00254071515685, 23.448117919487142]], "2": [-0.3447356472466414, -0.13282919699062856, 314.9528521522713, 170.85991216486303, 2.762184983774307, [130.71768744111517, 167.8469077598189, 79.57904715234648]], "3": [-0.12193674967127532, 0.46886732830302336, 1171.5402746731897, 244.04434934895275, 1.0712954622602, [160.6946408412033, 71.69988380854713, 226.16641675700754]], "4": [-0.027172717296636506, 0.3419732847469058, 415.48347890772214, 82.48195994745674, 3.8013643378476267, [157.08624544872583, 15.369985439044013, 190.35605080969026]], "5": [-0.3678284623450201, 0.17792119238194837, 243.29123426749806, 488.62386431199434, 1.8286702187257775, [85.7406190756631, 219.3801472374018, 229.27155851225183]], "6": [-0.07791439785356924, 0.14584112003892158, 861.3907973890158, 89.39170517425401, 0.05744117567834772, [114.00805616108082, 59.777361373223066, 79.75458770459447]], "7": [0.27679623901946127, -0.456194542018452, 1359.8994734495238, 359.7318441772479, 3.0347013489545627, [91.91752889944046, 107.22569155519975, 250.25768540371286]], "8": [-0.4048330415653638, -0.4988414097266145, 132.18060915538013, 617.7969029682148, 3.504009802697153, [198.27272138738365, 207.39893590255014, 197.59122001281898]], "9": [-0.0999181789116973, -0.08284904523241077, 748.407684803735, 614.675497863208, 1.9723854904596205, [119.70688226432411, 222.74341610557352, 77.18781445486394]], "10": [-0.3871598940236556, -0.06786551448559264, 831.6529526400324, 594.9370994488789, 4.493948868549074, [219.0585911997463, 233.49581264251992, 52.303668477421056]], "11": [-0.27741055454968, -0.2572649306984788, 791.1615709941107, 592.2410357740881, 1.1461083319760523, [241.27257216839095, 110.51847999976059, 211.91089148335672]], "12": [0.040701287362884364, 0.4290216176021626, 1260.4710209509897, 430.29001210574773, 0.09463356145998747, [158.76803415387926, 112.84778542286725, 132.35644480985354]], "13": [-0.1918807025021897, -0.46922240828048756, 286.5554909764099, 275.9695831635159, 1.6524063977313364, [51.677591193028654, 180.08575224764957, 211.35019800735452]], "14": [0.20103430769725006, 0.45106759396393403, 852.1340438416476, 347.4822551738903, 1.1275429609073329, [33.07170469254678, 161.53615347380995, 170.38963158664097]], "15": [0.25486028775103275, -0.19193777615594454, 860.6576817290771, 709.4764399398363, 1.9872301113621154, [178.87122363695295, 241.98339398187838, 0.6071057640583261]], "16": [0.4393744022452174, -0.08794424848411275, 1277.6169708350435, 132.7551967538871, 2.379115542030354, [160.2293163353343, 106.12805268827402, 157.90764531251276]], "17": [0.3020190160823689, -0.3657552836637017, 89.16272326085516, 374.03710383261324, 4.4021648148552295, [233.34378275115742, 49.95159793516087, 35.95318365507057]], "18": [-0.48098242277431114, 0.14546608417315565, 427.29042818303805, 207.26010996749585, 3.960023538111713, [237.2240765265745, 252.96398104985673, 248.39008949112636]], "19": [-0.1441417060358524, -0.42896020100896526, 501.0702565098784, 297.00273776537955, 0.2635737165488955, [15.002903385262337, 8.087768873257108, 251.15111492105578]], "20": [-0.21819925746356028, 0.1521108004378925, 1328.1138706258225, 152.96360296427477, 3.701366473442564, [231.2318763402676, 239.5986367305936, 4.893101971619834]], "21": [-0.21719898170726315, -0.35438405284861063, 755.3104390698674, 12.23888933139694, 4.712855328799267, [102.4374010466003, 181.07811400404822, 223.1510006032113]], "22": [0.2147636763203854, -0.44038310279804294, 770.018259162725, 309.5732907613263, 3.9910848877957923, [152.7419793823784, 226.80183657710703, 108.32023054302034]], "23": [-0.29174611099523007, 0.17063608387464357, 623.1682384816122, 327.7920749791816, 0.934002880389036, [220.99603918502905, 34.89679888000397, 10.822686360324788]], "24": [0.15152396619483577, -0.4177394208869386, 947.9663576075017, 710.4988886648773, 3.082893257737796, [155.31488576974056, 126.49945286670976, 56.931117632783845]], "25": [-0.036889853985555776, 0.08409208444031768, 237.3668635968017, 152.264416131787, 2.0870684982512073, [219.01059621691368, 42.98592876947081, 180.51242495920891]], "26": [0.08789453903440803, -0.03424567133476397, 536.5052369704663, 722.8292718993636, 2.533202153394975, [50.261584067498234, 242.77741275066074, 136.87336880314038]]}