{"0": [0.42765389806140697, -0.20495076980752447, 214.1400244806161, 237.38116289902774, 0.5208199161946342, [16.426406722324398, 5.7397046548843065, 50.6116617314537]], "1": [0.03772580834325323, -0.3927654671806261, 1043.8162817181078, 53.677287751519565, 1.5262837470123407, [16.72787054513353, 68.68934933668841, 245.84918371851091]], "2": [0.022079730389525598, -0.3537064086135311, 1150.2598189529785, 692.0491825667428, 2.7129518714504277, [57.05166747580297, 205.88783612071808, 191.58199158985974]], "3": [-0.20396070970981794, -0.3459359471738094, 1322.4549547254755, 777.8212184125389, 1.994921151707152, [209.35933332921067, 212.48350684451432, 214.7231705606182]], "4": [0.31497982871184127, 0.10628209081813822, 658.2533924099179, 629.2890124180204, 4.1663445656081075, [223.4588797154045, 31.638679633193593, 45.36289318406503]], "5": [0.36540794962549283, -0.2629341795567861, 817.8199060328982, 613.5293078620141, 2.6478401762007424, [239.90709090088592, 216.9787806215486, 97.44176152816185]], "6": [-0.4304296431589836, -0.07327461457823392, 763.8740480223597, 413.07203564672284, 4.504389635196121, [111.19519676995587, 156.61419009020545, 199.4163290907424]], "7": [-0.16970349903962612, 0.22625787083475646, 821.6931170350601, 245.85666641458027, 2.354908378139871, [13.32740133591036, 127.85706067986266, 239.48921610892677]], "8": [-0.004620570838188898, 0.15904516581647898, 710.3519422687226, 206.42010943994907, 2.432659370928122, [240.44819221788026, 143.91937662483468, 28.74864355616944]], "9": [0.16982137577019374, -0.3953946692119643, 555.3962359232024, 457.1677415981374, 3.507431997359536, [106.3526226649485, 62.48665831036619, 137.91401882624362]], "10": [0.1618961872563841, -0.4241811161748802, 962.9953618614047, 561.7931165896593, 2.6252147256812823, [87.44947266153181, 72.36685385628202, 149.902834588235]], "11": [-0.45788721285976863, -0.22468870535151886, 1293.3059081043946, 194.165496669216, 2.498219002317113, [235.80959578628736, 221.196229427481, 6.6252674608360484]], "12": [0.22195773007489128, -0.03971504397827785, 1146.5219051340757, 772.0233946205324, 0.12185813646257093, [138.4181013279609, 66.28907844464817, 74.54780294456586]], "13": [0.015932870073078087, 0.09076226702506951, 544.9182915465553, 747.3617343127181, 1.2712793210003954, [175.94004588634598, 207.9283392615877, 73.40120179962994]], "14": [0.11639593524588632, -0.39050465773093657, 110.95635319304421, 535.3509406785081, 2.3730826804846243, [222.88871386575687, 197.37589701399557, 117.42940957743751]], "15": [-0.05389471151500236, -0.22344337135139936, 1330.2096841489472, 489.2120994988024, 1.9374268215113877, [195.50665355352902, 181.1883333596164, 177.71893481011293]], "16": [0.36956398927672507, -0.24848181518874113, 133.1973892882216, 152.88233278572793, 0.8879786165806908, [53.038994486765134, 74.14437772162825, 134.20750344000317]], "17": [-0.32935844152015126, 0.4475856496602123, 1213.5824031787201, 774.5085778193505, 2.6227830935497183, [36.31785654282773, 30.148193432097017, 43.78891837902322]], "18": [0.3860825066409338, 0.2319225598322895, 1081.2687439078409, 508.6079948452659, 4.395370539846147, [207.87573928602532, 0.3284648965161474, 241.66493571487575]], "19": [-0.31811395014884913, -0.21957521245181566, 876.6023336935637, 767.7640038768952, 2.061327792060051, [234.04760300768683, 35.094220889959665, 105.09907911956564]], "20": [0.32433319621380385, -0.40004845844025205, 281.0953175460309, 723.285110982435, 1.0730734588375772, [241.3905181770041, 178.0014907219929, 39.55928242206149]], "21": [0.4261568695791277, 0.030811356023045522, 967.5802519845446, 286.17002220005514, 3.723887643340657, [224.26858534317438, 42.59362105968114, 155.74609538417502]], "22": [0.12023866559503094, 0.04069172567317525, 628.2384246946859, 384.9010351682815, 4.115189245465656, [38.61995556714533, 175.39319283240334, 203.00908068638572]], "23": [-0.44831208330206085, -0.4443720486176691, 1107.935386041585, 86.0386320367442, 4.595699832047337, [9.19478979999364, 124.07265238735236, 36.335871160022535]], "24": [-0.3387880496920843, 0.3885692218089427, 717.2342666591683, 533.3015749074001, 0.6831987312682086, [151.0260955466329, 234.59068276095815, 72.65420681195073]], "25": [0.18493444821844773, 0.48098456068392326, 712.0725415205195, 206.48039527924996, 1.2786410230463368, [182.45232315082401, 91.79116122300542, 149.26500422586432]], "26": [-0.21324427262957357, -0.4473513032937373, 15.538782750708844, 558.5325144347204, 0.4558623647508392, [1.9352577780334956, 124.024199041755, 165.00892169830973]]}