{"0": [0.21707124947153145, -0.462919925174183, 1066.6558241484167, 318.6551336269063, 0.39263915299200647, [42.59305362001312, 120.08105602475376, 186.3179302418669]], "1": [-0.22068893111375887, -0.2550202589993128, 734.496557375935, 690.1818008079987, 3.5368865257257, [12.457722552332488, 56.53826097819196, 23.514511242667073]], "2": [0.008074973786961759, 0.4343082052107624, 1014.5186861003415, 770.5655915154821, 1.8675759203148594, [46.86421056172932, 1.9822991666774676, 187.7403776122792]], "3": [0.2338461508950228, -0.2702111525753633, 364.20361267875154, 19.213386101515795, 2.258607085893881, [142.86989048590067, 232.83260382389005, 202.42023962527992]], "4": [-0.0010240768207899764, 0.31814946130380417, 971.1810198895373, 219.05618618210926, 1.8143064950652366, [215.95518902515443, 204.62392007141784, 114.94987748592926]], "5": [0.23009583793296107, 0.496669438708059, 246.91092065008573, 432.79670995826234, 0.8723877529671464, [89.83573755333441, 224.40165776418155, 16.820622908526044]], "6": [-0.1845813614903581, 0.23639498826823513, 514.8909530363612, 613.0767627444535, 4.675660907735712, [32.6238636287762, 193.98457253054335, 199.21771835410442]], "7": [-0.248879538254417, -0.09571718456437617, 221.86855187244512, 174.17340204292353, 2.048738979479979, [30.87654008148927, 160.74635035411515, 110.4791253375697]], "8": [0.31138383072717557, 0.21026671439483557, 1268.4455892569058, 18.394867683134386, 2.026226198135163, [9.053938227477051, 59.15262893288433, 124.74267170260276]], "9": [-0.27068611558891165, -0.3076562497389086, 205.79951316267392, 47.87924136604636, 3.6995442832113, [3.415062127228645, 157.51303037714496, 228.30808266723994]], "10": [-0.2679772009206295, -0.17703115559215887, 342.00845479837557, 239.44176827412073, 1.9229116595255684, [229.45685736285483, 131.2833285914929, 37.38192340846336]], "11": [0.3103023693877701, -0.21079984994774836, 187.21583328069264, 571.492426982172, 0.8171468128365328, [188.10665697814468, 148.5286909080206, 24.28307530014679]], "12": [0.12387940747842985, 0.3628479233233646, 987.3404338603385, 335.00466917916646, 2.074356636164704, [180.28948244117458, 63.38407898157941, 197.6050041842966]], "13": [-0.18051985983811425, 0.367162952431317, 436.1445075630532, 138.91335670603792, 1.1547780905863907, [153.9282570710655, 163.9055870124633, 184.53005953187156]], "14": [-0.30811135067089457, -0.4110948676854489, 457.01104919942725, 199.10634822582196, 2.4522535910041565, [248.10165685960507, 4.65794695170202, 216.4968446382179]], "15": [0.2034440563867136, 0.35211290480370394, 361.7025916882315, 704.2187004711385, 4.864965267255704, [3.692642517134277, 28.69706541556622, 93.19765027149492]], "16": [0.06326741969916494, 0.3653228128990945, 526.9525735646673, 37.44827010707592, 2.0229747081250036, [210.51606487657494, 126.56156669240006, 77.84937209681125]], "17": [-0.16644762549131675, 0.10316041216836602, 1218.455750941624, 673.7094918936434, 0.09398060743677272, [82.60331181376955, 178.75365766527838, 20.61920270120706]], "18": [0.40451344034864845, 0.3839801342018069, 1105.2073524615357, 480.9063963489567, 1.0972268846720583, [154.45880369367575, 21.34169840938042, 109.55202422816676]], "19": [-0.31171327649341773, -0.4326746158475543, 1163.0415579323646, 122.84159356994539, 0.11073421495012559, [30.942289279899384, 15.808683035515616, 132.40031530718923]], "20": [0.45868534786231085, -0.38442124466192473, 701.7025285144997, 596.8067344308089, 2.0876889769517386, [68.37330031296489, 157.34688632751914, 47.17695149071331]], "21": [0.41154839416998956, -0.08135767339590638, 574.5708854004579, 398.1355194374636, 2.7818366056280293, [231.26858703545832, 149.74313381908368, 21.83208801174036]], "22": [0.14473966577123554, -0.4531610711856272, 336.01091955252804, 339.5150232054906, 3.162711223522477, [237.73828077841327, 8.866780719477546, 137.10798787528907]], "23": [0.27486462430147585, 0.35815117183239875, 413.4618409624976, 14.00958097304894, 1.0252687325691472, [8.055391621934785, 86.7376779489015, 53.362553382970376]], "24": [-0.09681553683142408, -0.3598529927420602, 632.3074787732639, 306.040546032856, 4.247512732627511, [73.14704118839191, 92.90249514615175, 27.770236827821996]], "25": [0.3867766033412965, -0.022587294674287328, 808.7728462208113, 257.1217457132845, 1.843279009971951, [150.61245762500687, 225.1640825009616, 90.89270591193844]], "26": [0.24082670477843038, 0.37723992330646594, 375.0456045022598, 215.9701847634728, 0.35332096926632917, [60.843707192274046, 192.16046917926096, 180.21293495672998]]}