{"0": [-0.18082676047833735, -0.4180355325225028, 886.3751727087491, 163.32909042018412, 1.367661217439084, [133.64456384507793, 196.6917602199752, 110.19777395073638]], "1": [0.48928485046554027, -0.2929768547773314, 796.830881427049, 309.67755779249444, 0.4002789172723381, [24.965166428085233, 47.72818542004246, 178.12780551580013]], "2": [0.010693931960637948, -0.2246918331498684, 954.4315121021607, 533.697503932186, 0.5857658249892722, [219.08743221664184, 168.83339746071638, 65.07955772339821]], "3": [-0.04589330141433634, 0.06013744210627536, 854.3845566955897, 203.6126692957434, 3.1686326181891378, [172.42370495613608, 1.7828536610362833, 82.1793561205789]], "4": [-0.13806323932092668, 0.20444147375710942, 426.1643181730176, 691.7232406193101, 4.291536515306654, [248.028689880987, 102.72037121354228, 135.18357930244372]], "5": [-0.10487200224890492, -0.017574444395217603, 323.32220450585527, 734.6293032446927, 1.3791917914844483, [30.74514718558356, 4.373688753332205, 121.27350519237474]], "6": [0.20582237636892753, -0.29622869936624907, 1105.3419496236977, 216.95605549924002, 1.611642396543111, [18.163399460746433, 43.545454011175714, 136.20044596057843]], "7": [-0.019537705497163382, -0.4037746876309336, 36.47119193852427, 63.23320097931724, 1.0626733614086574, [176.88314441417742, 208.1430336973471, 194.66160683182648]], "8": [0.3003870852416385, -0.1566606214492764, 537.6775137212534, 591.3063242927622, 1.5325895967836956, [146.45012193341577, 242.2444766044771, 230.59903566229158]], "9": [-0.23562437628134214, 0.06682482573081816, 1287.4221796419547, 664.1953734323181, 4.625670371441204, [60.33667701755823, 169.75783199945, 73.67466479227238]], "10": [0.2731838805092718, 0.057104760491335615, 507.35674601823735, 478.50266145504935, 0.8455144022215694, [165.6745910915474, 23.513666984620077, 24.56612357223074]], "11": [0.4284545342188546, -0.4590460728005431, 1057.1009087723503, 591.5614150639046, 3.2091725955111894, [34.570118728217516, 137.1928435127478, 56.52028082030351]], "12": [0.40864231014732333, -0.4520001965621053, 583.3307477012057, 633.5323649687788, 3.6101544078699765, [86.11929396873423, 66.41232637268409, 240.00665293386066]], "13": [0.4409478637828834, 0.4951576500117608, 1427.1191047005032, 672.9471307704581, 2.3058522949827145, [241.23502706431336, 18.939006311914795, 182.29025931983287]], "14": [-0.018494884695378522, 0.32894954979154933, 1348.2386496146487, 358.7650105531457, 1.897009433729171, [139.6613464205064, 14.305448313280213, 90.71282616174102]], "15": [0.21799994316359406, 0.10708588161645749, 940.8219349413042, 613.14713216736, 3.9444054155732093, [47.372401966397945, 224.49594739358665, 160.5652941943858]], "16": [-0.027872798980361546, -0.14492338066435295, 1343.69749205091, 316.00213820669427, 2.412851584967108, [25.445551192141494, 247.87056929827406, 157.09345150051485]], "17": [-0.46095993001528235, -0.224780020195947, 390.71910256511103, 216.97414255196108, 3.4201371929108113, [141.21209281286917, 243.00763400864042, 210.9377539006463]], "18": [0.2505649330713383, -0.4010548039373427, 871.0991778684694, 638.6603926615, 4.6259918301735405, [103.0962377602409, 86.89524960629646, 118.57842058159432]], "19": [0.41826912190170484, -0.42146225193928655, 1225.8748339897088, 338.18097833512564, 2.083153415525733, [74.19285283092414, 66.57759363300363, 191.2303770571338]], "20": [-0.35368690415315684, 0.02050402016217512, 1050.9248834407756, 182.66980189195817, 1.754345406639336, [169.43971216285524, 148.5230352917988, 168.97853555405334]], "21": [0.18038464728986303, 0.22514894598343027, 1285.866513265617, 269.1467673895272, 1.9737028986962617, [186.7472675097589, 14.350150614684646, 161.49518309882913]], "22": [-0.13515288417114502, 0.33268271340105515, 1292.3616448351465, 249.76797234388465, 4.13927164286701, [91.92018765649013, 60.68278264008284, 31.345345232765215]], "23": [-0.13420513077277607, -0.17616094379802438, 989.1112664321034, 143.3254231105625, 4.891023151703096, [47.78964012074032, 234.6180130834961, 224.96283156267722]], "24": [-0.260762147251123, 0.1260093241244611, 92.91057102465416, 774.364510299879, 1.840635412073498, [161.00404199958206, 57.48577784302568, 213.11908976971162]], "25": [0.4296031118654826, 0.24879943314003405, 80.29168457242285, 120.23856473750013, 4.097826418522408, [77.98487164957061, 220.50794006233826, 246.35373848133278]], "26": [0.0602748807779504, -0.018847802068312602, 240.8376617716144, 456.281148844346, 2.135288666971947, [173.05965844588061, 18.005354270570283, 115.66229603685024]]}