{"0": [-0.4471225439307822, 0.2822986347513563, 685.9771830390375, 206.47628282725668, 4.943265666418932, [233.35244549003164, 1.0589794625765365, 228.2380304227736]], "1": [0.17191488431912605, -0.27422238229822105, 106.87609989869293, 690.1037656364329, 1.218449154717337, [79.27906827808687, 222.11105768178612, 95.3496485201115]], "2": [0.4265606986764985, -0.3666197601724238, 1036.2591085695874, 83.1273313495001, 3.7756587305551466, [14.32992010172982, 39.93353351097786, 20.96512577267868]], "3": [-0.03861884205601429, -0.4039147457521375, 416.44096656372966, 771.7647410554789, 0.8038548719502614, [20.81300328439566, 52.9478203847358, 102.72757427601088]], "4": [0.38915214303611123, -0.16301891042062755, 172.39617272490773, 513.3669323233776, 4.662079766857012, [203.74180617695592, 143.92285874173052, 31.164054350429797]], "5": [0.2424112712392218, 0.4974348837338498, 1279.0479703340623, 246.56562822859865, 1.572354862233349, [49.71718862581283, 90.27452861833399, 148.2760083479588]], "6": [0.4250056642112855, -0.2910585101518124, 678.6540018110394, 242.21279863136002, 2.226023361857783, [208.95072958502925, 71.53645350466229, 165.40596089150722]], "7": [-0.10656228690690694, -0.03086444726955151, 494.1247086866983, 74.40011844950654, 1.8808949054258306, [67.93901353866649, 142.41082799590404, 225.55522226345192]], "8": [-0.3041652733127661, 0.331302409280126, 351.0200609586516, 368.05414492457703, 4.601989711017065, [59.51171169838566, 222.066086344303, 248.7741522397964]], "9": [-0.27804729707296827, 0.36952814795789013, 327.84612622930644, 104.29635920828116, 2.996359596434109, [197.14817774505912, 170.37593747382337, 172.58793565249553]], "10": [-0.1930876439683269, 0.4515330528365714, 1439.7798912313044, 136.1737782395018, 0.46504975304554774, [208.49594246202193, 111.02453909974537, 254.13164274066025]], "11": [0.39658820383569504, -0.15106290660681154, 1355.782963976612, 136.09865230816754, 1.1513988627892973, [241.58105796240085, 191.16055916071053, 5.973290664913399]], "12": [0.30901957896417986, -0.37833482590523826, 914.8845493977198, 418.8923125900868, 1.9007843224026484, [163.11961394472476, 143.72732982326264, 144.83269057667115]], "13": [0.049610065216646904, 0.06682892797303441, 219.2801200126022, 88.42629783318267, 3.72162396236979, [202.88049558150806, 69.48274415098325, 72.9015651958439]], "14": [-0.2934170019055239, -0.25884068149252426, 1031.0769832129524, 327.3554044286489, 4.167174226932044, [42.23889359205435, 110.19034925045452, 220.0082558553775]], "15": [0.1706671540215794, -0.4783784994193061, 196.73425722983004, 469.1781544520448, 3.4657066622490307, [239.05714494642243, 117.34480587337875, 91.20647500571229]], "16": [0.4630664629290657, -0.4480487640428549, 321.16604395948787, 593.5157197579659, 1.5278434346024912, [205.5998145595443, 21.2639399330035, 192.79807350954732]], "17": [0.15545244095588284, -0.40537169838342035, 887.2174095231289, 224.04016670622983, 4.884226911915484, [114.42465821763253, 6.139550080002625, 144.52393317985874]], "18": [0.28769552524247965, 0.05768453067301571, 401.65469673999144, 323.0517725087724, 4.8237728912949365, [78.29401989806068, 230.61255493759248, 174.16981437016003]], "19": [0.000735886527883256, -0.09444683224957195, 695.3850998728071, 655.2884644137621, 2.2622815054582146, [148.49342710913837, 252.95852536338924, 16.91509664573822]], "20": [0.39470135762344505, -0.02626823693385516, 573.1927503444962, 26.603173703350702, 2.2313127573425855, [77.60481291792671, 222.44091296659664, 60.81602488376653]], "21": [0.23996712034114032, -0.23551344359756998, 627.9374527698739, 572.9756476316711, 3.436553162835572, [135.05036895872226, 176.61903441421777, 155.88311851691398]], "22": [-0.3943189250693745, 0.27882051957545206, 688.6010438955611, 291.4307540897247, 2.0974596966308128, [251.28829611860866, 175.26664293096536, 36.20016051133325]], "23": [-0.4557388868387937, -0.48036849629565537, 1112.4155430124677, 314.2911474723099, 1.7043287997069145, [162.01055378752395, 236.6131696153438, 14.066797926865352]], "24": [0.2302733768077112, 0.34097275170155705, 1010.3721394996617, 431.7053526627426, 1.3042089501672327, [102.05503132512194, 40.6657532670086, 122.77263440058373]], "25": [0.3387584226519881, 0.09808656513986769, 1257.532075221418, 301.1831038137624, 1.0654960736816426, [108.85722525981969, 2.232386337056968, 49.80446035031475]], "26": [-0.14346021978111934, 0.10922890460107604, 1363.7873200869142, 330.63646573110594, 0.07878698032554421, [167.23563580953487, 152.1680058461361, 151.36658334918127]]}