{"0": [0.4339890608477164, -0.4879826899988743, 1348.639053839934, 681.7940433110674, 3.5719566720022478, [67.98726836727889, 163.07309834574946, 22.474679113214407]], "1": [-0.3125542287013713, 0.4794538878732484, 1222.5257996137755, 173.7090006586273, 2.840647575731847, [95.6187890547423, 143.82120587362965, 201.901882927154]], "2": [-0.2981038176943377, 0.18396929706164988, 1265.8418403718, 110.3576944652155, 2.7831390942153647, [238.67761002902262, 237.19597616082822, 144.2002133503631]], "3": [-0.19599795673161846, 0.21097672704877302, 800.826082113806, 39.65251148162787, 1.0420596099830715, [193.49571982963693, 94.96830086509047, 43.8600394226136]], "4": [-0.26800154173424895, 0.3045840817606421, 928.0828797020976, 791.347590838889, 2.4529480010710114, [14.853026906742464, 82.07228711481311, 3.5291494200450595]], "5": [-0.18546065326636252, -0.2557142279309207, 55.47663988257401, 200.852951605928, 4.460824259608231, [135.80699881780578, 193.9849005455359, 81.91821087012491]], "6": [0.28538378692167177, 0.36481877749561764, 252.84880012055817, 332.26864556502755, 3.314121961675467, [184.8071437743936, 236.83084013320996, 110.18687860444655]], "7": [-0.3076307912727808, 0.2190601150913265, 939.300810336958, 132.8226650722513, 3.085067817435741, [60.42652528681457, 96.03649153725776, 34.5271659044025]], "8": [0.043052490205338745, 0.38237337847052155, 786.8903650089446, 624.3160727084216, 2.1680497220668875, [222.88687322699704, 41.259711619141825, 102.71098260532511]], "9": [-0.17514449158978507, 0.12498385348785968, 660.7734675264877, 204.92247843944344, 2.1234426629101972, [166.9483355988654, 3.851466835788192, 66.2227441508362]], "10": [0.39666553111083636, -0.010302264270489192, 463.71165567040237, 523.229502598117, 0.3273418323806304, [107.33077492239768, 174.62926414663397, 147.45906672499515]], "11": [-0.2812903742601196, 0.2666775097979224, 123.15562538763353, 358.65436245911724, 3.684235615270918, [17.835301185628385, 0.9822780332563763, 111.26178151932969]], "12": [-0.38319992891901644, -0.3494170748456549, 370.8056848891387, 101.3680297312363, 3.661199125188168, [73.45045130228254, 216.20246756041098, 201.69030963153534]], "13": [0.1557891748127722, -0.01270861759355979, 1218.7285511192504, 573.4946746979024, 0.5742698123517365, [173.97160631241755, 2.50081281703869, 105.69237860769377]], "14": [0.35036789295964177, -0.1679436958773507, 458.59335733735503, 537.5295571961628, 2.2787038366043655, [239.5475919512721, 100.45120284745836, 238.82787168422348]], "15": [-0.3764889641171948, -0.3934377331386195, 1232.5558459278086, 683.7789925871255, 0.3267293532212989, [182.3056790142949, 48.937021774219915, 169.71773300262683]], "16": [0.43336344363275503, -0.008657193620745018, 942.4359089921103, 761.7635038164705, 3.8622253891467624, [206.6347054402608, 122.79196430569533, 235.9702181214305]], "17": [-0.17597443075521846, 0.2587528215904831, 504.53140063530464, 187.38560008605322, 4.003778631355635, [112.7413192994845, 111.45280321787267, 238.65000726058605]], "18": [0.0319396573966082, -0.2216932094624794, 1068.9769841868724, 289.64952328736666, 0.05614218290826034, [29.353651006818183, 0.65357228611929, 163.39336722913754]], "19": [-0.31038702147615793, -0.28401349747427074, 900.6608765352572, 25.730278884662905, 1.1339146852412392, [186.20630889242705, 53.23392714257418, 221.56215593532212]], "20": [0.47686542962704104, -0.4158791578439919, 1269.9841223717503, 511.9115320503676, 1.1048751997293338, [150.7245275370078, 83.15982392649467, 130.32732518777928]], "21": [-0.31501398270492076, -0.0230133795656704, 127.39012956315815, 744.995809045375, 4.828885402928051, [180.489922175977, 74.76311740521238, 97.91202886408385]], "22": [0.3730564112989625, -0.385473093636709, 573.8095152924129, 431.53113965121196, 4.049259066066454, [172.1453694997187, 226.94539053650644, 164.95092852894604]], "23": [0.3370527374752207, -0.23555238988000304, 291.1402213776596, 490.3468912745401, 3.4049688035680776, [199.93185562065386, 214.50493321624245, 209.03669181738817]], "24": [-0.3484628461422127, -0.26880284792701503, 1324.0405790948046, 763.725419233596, 0.6564296166111172, [178.06160245465662, 127.57143820480499, 144.68745579488237]], "25": [-0.3860360300656872, -0.3233500562053824, 404.1460447668843, 279.158879268074, 0.9027052603749086, [223.08131704352894, 108.41057484805155, 233.42629385367078]], "26": [-0.36315601959310373, 0.021806638276618773, 581.707891569483, 568.272183881344, 2.9632975347422263, [42.146111555459, 7.886342403789786, 96.44478937451807]]}