{"0": [0.13351095476822217, 0.4434000500497942, 781.3287728646891, 533.4255783791295, 4.207564776588559, [25.70553170696614, 252.24859493380268, 179.88860903618564]], "1": [0.2714039533793471, 0.48199925173796, 804.8523775410546, 91.47529773139524, 3.2522188994656256, [86.83149776865679, 222.31660441822018, 129.55447642984518]], "2": [-0.10432758533737241, -0.3098171064658959, 1233.4026211554112, 524.9976563915478, 0.45009949927886095, [103.1967420289012, 209.46685511693505, 45.422432023184996]], "3": [0.09596003511728401, -0.32297681440504855, 111.79767243661689, 349.7511465093071, 0.45818757254155573, [107.72576686775868, 151.83113406345697, 3.86296718927371]], "4": [0.3197362453776921, 0.4725082198884869, 1122.7713881454404, 660.6891920872241, 2.4266744419897606, [110.36343708876083, 200.08881787207412, 30.021759420695982]], "5": [0.4774853917456878, -0.3365118760048553, 1101.3820808044425, 600.8216056319854, 4.413201485761914, [198.74414101068305, 162.45401444136334, 137.44712360020517]], "6": [0.42030458713554797, -0.01163904264028992, 1278.9806432220382, 723.5124502976236, 2.054371120336849, [180.26259560952892, 8.465279457817854, 93.1628033848795]], "7": [0.0012759299244916589, -0.04226544327806481, 243.10184224240626, 475.99490512573635, 1.5260205343776667, [102.42522519870559, 3.1549237499107297, 248.46230029529332]], "8": [0.4278007342258586, 0.4301533690242426, 394.5429285063351, 594.3657335303886, 0.341107442910244, [179.2731375309789, 17.96854792838884, 189.95788424206543]], "9": [0.1594457451337027, -0.33201541451296546, 773.7485815165212, 557.2115687168451, 4.429237298948873, [34.63906949372063, 156.68547913001075, 220.2530444891391]], "10": [-0.020965089181789076, -0.3058029840789658, 410.1182118409246, 312.1048912940108, 1.582192093483774, [19.137105888926147, 48.5106358921565, 207.10036022559237]], "11": [0.08263672766325081, -0.11799283935171179, 1249.6928102729678, 700.0533596286037, 4.734430902487105, [111.74916026853067, 86.25228481754681, 13.547772232515818]], "12": [-0.23972907115430164, 0.11121729438575545, 552.9217210081981, 542.3689857989649, 1.0122117503873955, [203.25501156093637, 72.32056205985288, 152.60859467590294]], "13": [-0.36903268197481953, -0.05047149540604323, 1360.67403268968, 259.90768140909444, 2.602072482717632, [209.7942904598814, 153.1213763206258, 36.437544481056285]], "14": [0.1953797424604592, -0.1375882840234064, 299.0790261231128, 757.3399735364915, 2.72456786706681, [144.50311268005595, 20.687748618915638, 94.28802630273536]], "15": [0.35128593636741456, -0.12845967452824403, 1141.4021395050765, 484.59959131337973, 3.4299727883678117, [181.21685924474534, 183.1073648415169, 230.78664839628274]], "16": [-0.006943786861260293, 0.09428300993473626, 763.9681238729743, 315.76406568497106, 1.41980956777775, [59.21423125798996, 164.2606724878698, 250.30840663694977]], "17": [-0.024019713568791623, -0.4488662654972041, 1412.5048600589907, 187.78380792525616, 2.333438422553098, [199.6633905437141, 148.1554510424318, 43.40404489624228]], "18": [0.4332703761298089, -0.4497523568238754, 1121.828811988276, 615.5466279562529, 0.07237791301230867, [11.709069812322808, 214.56882267784377, 73.89828418615868]], "19": [-0.34501715888759943, -0.4169033162525291, 203.78466643085284, 177.90198435810333, 3.720224343940714, [150.94353070766564, 53.5356453735663, 59.20511726638089]], "20": [-0.47120301365237105, -0.03985145039983706, 226.68268126449473, 95.11822891692302, 4.101900109273584, [169.641266310553, 102.73386887796099, 86.63088777545259]], "21": [0.1124937176042401, 0.3362382246875687, 8.977560377966327, 737.9445858243757, 4.9206007993097245, [243.27078388039584, 220.3920344666064, 124.95014889661223]], "22": [0.381982298634325, 0.4090741631392949, 1080.490252592613, 407.52149802655657, 3.5334075033475636, [244.31799535791254, 64.88693276586184, 138.20126305895582]], "23": [0.49000468252515683, -0.3389619563341516, 346.2460834790551, 64.47312783721566, 1.3157001718791443, [242.34722345567852, 64.57222922407901, 146.69723096979672]], "24": [-0.2525566108717686, 0.27939019221485883, 362.1410582795671, 126.1242595089592, 0.2827249995185799, [168.72835421289886, 149.11879486938213, 228.54884411257805]], "25": [-0.24572759165545577, -0.4227471445721652, 727.450568597964, 105.88471379908677, 3.405889632771933, [43.32261373633593, 212.2150048207175, 146.03872508987476]], "26": [-0.4952458461745063, 0.30108224933957994, 721.275005655433, 408.7299445607807, 1.6623037018883813, [228.17481458348817, 222.92230696794513, 105.91150636862652]]}