{"0": [0.21306952974948834, 0.09113942643249151, 10.77441949919578, 314.82102620609174, 4.032248323054454, [173.27261786956342, 18.273276194935782, 149.0390010471029]], "1": [-0.00984396574529356, 0.38473293235693795, 309.5879148903535, 253.94414816170521, 1.9446089023957418, [186.74803164989453, 87.45008418864487, 165.653541137835]], "2": [-0.420817234602888, 0.14240634578029865, 338.5352359463971, 432.74051405171815, 4.19286256642777, [36.06369072264264, 205.23558346753154, 220.4428092482725]], "3": [0.24071643972838364, -0.48613501901548817, 1378.4773230669687, 659.9506007444014, 0.8067645947093133, [188.87043022714107, 213.72244423254844, 36.00009819477095]], "4": [-0.4567936434383898, 0.36000711304634125, 1288.1377976622055, 644.4812487694928, 0.4795780456998555, [202.49143455018697, 44.69435974959806, 165.97013838486328]], "5": [-0.0889381199135737, -0.4997268460622011, 1099.7810824508774, 80.15763130312364, 4.877703306647565, [223.25042895403203, 246.09914581310562, 143.87520046878632]], "6": [-0.16757887363934676, -0.02469221580868397, 1339.6322815855785, 633.8279074889907, 2.871784036795075, [147.79241297266927, 238.4828403178509, 198.82216772320425]], "7": [-0.286032904202847, -0.19619940292602311, 1277.0866136101188, 778.4531139160579, 2.728215187786213, [250.07825413393294, 216.5476509210152, 59.59117216436269]], "8": [0.0858616461479148, 0.04985208148525222, 731.2867566304325, 720.2172457201086, 0.6448058582386451, [92.37848894074405, 23.75014421499052, 221.43813416966614]], "9": [0.36907553015054284, 0.39500735122442965, 1183.7547719269971, 126.00135049898586, 2.2020380884712507, [101.49778559784222, 49.042125607176835, 150.40932352879736]], "10": [-0.15841283705762577, -0.09731845434429498, 247.592333554409, 191.23919303670087, 3.0316930028677733, [91.51548391599638, 135.10133767910784, 217.9502650655525]], "11": [0.16621982867917662, -0.4677512552306802, 1298.0142219389966, 486.7044433050618, 3.370296513129391, [81.53331058114192, 198.73741459772177, 147.60273401063708]], "12": [-0.42721124330281957, 0.14586552760989602, 742.5698235766025, 225.700064549749, 4.965896274653877, [250.64011146708503, 209.44885713485021, 147.32501374472992]], "13": [0.31575393478066516, 0.06945238716683255, 575.6125087307475, 108.61990348100372, 1.6648508122079708, [33.894468370578565, 165.56937318457267, 97.75626338476421]], "14": [-0.3031096878642636, 0.2872548759613308, 1014.2251857785825, 145.78827179593165, 4.362229483566056, [254.25908420297668, 125.03433939553648, 188.9916602456292]], "15": [-0.4815613691373658, -0.2907710761083354, 571.21961551723, 193.8520553709978, 3.4750267529709777, [126.66495570115517, 92.10585328397495, 19.1181556521508]], "16": [0.49190975600561737, 0.40121232160922526, 345.1885294794897, 72.82392683892871, 0.27879072155917894, [98.00599856011138, 4.413029218025907, 104.71070060500914]], "17": [0.2818795212468499, 0.35270053286743686, 635.7550578660932, 626.6459360877011, 1.954690441583284, [44.327834883639916, 8.28639122910705, 169.81502908443434]], "18": [0.16353069792399644, -0.2363309047661094, 108.8389659647987, 123.92509933849558, 2.6138457253282805, [11.926191547996602, 28.860637426355506, 186.92720709937103]], "19": [0.10611529266293063, 0.2766872415827225, 1336.6594079165436, 447.3778343601344, 1.5020437280222954, [63.463842440606534, 2.983739645608119, 9.604988071243387]], "20": [-0.4870547103801036, -0.21301185738237693, 734.4461954805013, 429.0783303186076, 1.9499316168212755, [164.268577082836, 36.88011814249446, 171.12515108902159]], "21": [0.2938243746654159, -0.4131089433428876, 922.3361644021609, 609.2688681678484, 4.917499233651962, [143.30009566268112, 234.83741544380953, 121.62006879726093]], "22": [-0.05502724751914556, -0.25548880325030565, 52.21911383625024, 139.09990459510252, 0.24816982174144187, [151.8319041657801, 187.21803908084115, 128.23158912150092]], "23": [-0.3577469013340363, -0.2457591265650657, 764.7789866137456, 792.501896660617, 0.5031787068889737, [224.43518610091778, 181.32926063503214, 203.87884813918802]], "24": [0.35276660043286867, -0.27398143367345107, 23.537240208947612, 763.322796607017, 1.6221240785127207, [246.4083866136546, 168.8230444697115, 227.34810180600968]], "25": [0.15398601927138056, 0.19867584855070775, 95.96401053365832, 355.40072598717745, 3.242030259237207, [239.09871264371458, 72.586792177119, 43.81223048149445]], "26": [-0.46505782116627625, -0.1684540155394293, 8.726841940271832, 264.0368842866212, 3.9487176711385406, [163.5020502469267, 193.089994676716, 52.27998303628173]]}