{"0": [0.31766251305738435, -0.4291233279706016, 1169.386225223787, 748.0365172715105, 4.814330340034811, [244.4677967643434, 194.6735372020931, 43.97992067499594]], "1": [-0.23072853041350994, 0.455318016822848, 1241.8350383734007, 252.0502701482406, 4.585614705683848, [167.21047645608897, 133.26787259379822, 162.55564473089876]], "2": [-0.20258253976224105, -0.22472038644750914, 1190.0695538722562, 617.6697219509091, 3.8698121854329055, [65.39034166284594, 60.871197104133365, 142.43377583043124]], "3": [-0.2237231561715255, 0.14865535750732628, 302.50446805214676, 25.98080382485044, 4.642470873978147, [168.00636201164255, 167.01069732870704, 208.94936265056603]], "4": [0.2023574421072214, 0.09224514280413887, 1380.7405817473154, 148.5004366938707, 1.4678953064220508, [3.633228771213709, 35.88232350173764, 169.662333342064]], "5": [-0.3834792201501459, 0.49449287534162023, 736.1094770492269, 515.4293118054954, 2.0356821892564514, [149.06931863050306, 190.86103960418677, 16.724246758904002]], "6": [-0.26518018277225297, -0.4625155382704089, 1238.8580629849894, 554.6381849773904, 4.350205429902768, [61.34217173873337, 239.26449096170884, 12.51613957867071]], "7": [-0.38900094645382677, 0.3562713287567587, 556.1059940496998, 29.89595192036907, 2.267089722292993, [181.82271568166493, 158.38997214935287, 90.90637689765512]], "8": [0.21183161047427812, 0.47830395218923893, 446.3931262288991, 568.35084507794, 1.5383099568683796, [21.168207131998553, 36.99892696414713, 248.64975376172777]], "9": [0.33700440624213124, -0.07814194608015657, 109.54065115009075, 683.3479827639744, 2.271353068461252, [188.1027653443764, 192.40544578422174, 233.35481583557714]], "10": [-0.41594827435083215, 0.3532663990924281, 1017.2366826597043, 166.51403573044047, 0.5423320989927305, [169.2928424769901, 238.90735646653914, 142.9268350490754]], "11": [0.11503685947519238, -0.1730945039500873, 167.19247348142514, 437.0811781744952, 4.564650380962021, [32.75742203652197, 122.17580345757166, 94.02622141058204]], "12": [-0.20405735092306299, -0.3324946495345136, 1280.4164543140002, 441.5000453767116, 0.2529996610367413, [22.519041515229965, 22.909424416762704, 137.41393725992828]], "13": [0.30849487936896236, 0.42988907284109457, 443.2894163726192, 465.535068149147, 1.3699442576468073, [214.35859787267665, 46.07100715759235, 193.04027901974757]], "14": [0.0684579843489671, -0.3484229674791317, 519.6736293964345, 283.72858817298675, 0.3878605078783659, [166.10969821669622, 164.54724588215396, 111.71303477182937]], "15": [0.16579102387497857, 0.30166003136553954, 74.12708968788385, 120.47931538219672, 2.620031363807962, [33.281940144222, 180.46975055507124, 194.71099884842118]], "16": [-0.12128933507968742, -0.08387726412361174, 715.584450536028, 783.0294788320806, 3.344238456245852, [99.70571470006398, 117.6033749901054, 122.23108649793907]], "17": [-0.38181003021923543, 0.06300905755562847, 255.8086109250703, 287.83139753385774, 2.0653335653763314, [157.06408367195993, 139.60215152324216, 139.90747420612678]], "18": [-0.017655213390199487, 0.21328219713745067, 1077.972227138305, 231.83200526646806, 3.032773550309376, [209.20822430467152, 243.54781882949842, 165.67130431694778]], "19": [0.1449533549928329, 0.20700721302813585, 287.8812159207006, 88.73804374125598, 2.8711628042731716, [86.98071855970092, 140.03598175433947, 249.2332487752841]], "20": [-0.3055397118721934, -0.12693191816363614, 1191.4754990705194, 703.155946809344, 4.615642379744967, [83.42732694189803, 188.06561439421588, 129.66592480776046]], "21": [0.3798301658567659, -0.23026691322607518, 367.37451131341805, 583.5886525618394, 0.18028877139105393, [231.99380482383503, 254.86851539599303, 71.71769274189516]], "22": [0.0856713419757843, 0.0027931821636059118, 69.11802292045358, 208.28927296209824, 1.0021443299169914, [248.90260935706237, 79.84432946020509, 81.66141042783472]], "23": [0.10552222410565304, 0.42131450738541687, 116.97094434224891, 44.25321294392903, 1.6351674317976554, [82.81534532266295, 210.44993436226306, 150.69126776571235]], "24": [0.009912006813374008, -0.3517512346907694, 413.05005475566173, 720.3299297148134, 0.11995164505170963, [17.310001680440323, 160.2370336774788, 202.55793166703936]], "25": [-0.3227136769709096, 0.3763286619394287, 851.3834729163354, 377.50121818842024, 4.160265085880711, [77.60046355066547, 85.72314735183541, 193.240403825127]], "26": [-0.11252570381866023, -0.16631719342500106, 1314.808230562763, 411.9717033642802, 3.6693208455837025, [60.88350712161182, 92.7975413599864, 248.74780697910532]]}