{"0": [-0.4749384412886847, -0.429058177717612, 672.8711553737226, 619.3525233393752, 1.623652504071507, [110.10803494596016, 63.10479222691454, 231.28913709935492]], "1": [0.13637373605819447, 0.015350355210957511, 456.0496468929214, 463.8482296096501, 3.588784425301408, [250.23603468659985, 129.23934651380088, 186.57816365014128]], "2": [0.4797721645390881, 0.2659003030803284, 1031.2532068181135, 236.56282445369249, 2.7344654135262996, [99.42056285168958, 164.81794149773648, 58.8636762899449]], "3": [-0.377524635597437, 0.11075024848049653, 902.7429372487848, 344.5223796504479, 4.192421936367733, [61.40440186689217, 138.45766561071875, 142.83211768099318]], "4": [-0.31302364846621444, -0.3013765055341894, 970.172373348485, 447.290600558757, 0.4861057734380253, [192.4694346361979, 162.87538399469364, 207.44865879327418]], "5": [0.19386723138001327, -0.07456508450512267, 683.8240405264299, 622.889029828003, 1.8564666835218828, [238.84022302007756, 94.6591156432157, 113.66234076217837]], "6": [-0.061204240171227386, 0.2958970077138987, 1256.074513560846, 783.0457188620704, 3.749500812893433, [197.9554983610461, 249.38827495454078, 8.39924362637413]], "7": [-0.1519261670935641, -0.12448172765348409, 735.130011391182, 285.2346240153974, 3.753444063144114, [219.76993445126868, 10.39933949905304, 86.1403017648243]], "8": [-0.44183396102041506, 0.17118014630652179, 59.2799809631126, 585.5080695292817, 2.676836365791943, [128.20903469659294, 171.57713296428213, 204.2074460596464]], "9": [0.24053888890579223, 0.03182380748552627, 1361.397450097059, 372.5908585209007, 2.5551180747300304, [161.8075762836298, 84.71935790614229, 22.68802003300235]], "10": [-0.16141990734219513, -0.3517218324679142, 630.8023834364182, 786.8445457381541, 1.5671782989866005, [196.52087535109203, 152.2201040431251, 158.37458407915975]], "11": [-0.07248752638521472, 0.06053769823039479, 287.2421273535689, 345.9657609496067, 3.0475225223927174, [115.74363383738827, 208.3986492965595, 21.95378594491452]], "12": [0.23956938710155629, -0.28263143365164645, 617.7751721680895, 648.7930045292811, 1.8469363106776187, [153.61074626867173, 160.89285978940205, 146.14934908659538]], "13": [0.2638711195045953, -0.1351193117804963, 702.102242855221, 250.1667809533256, 4.7521337090859275, [224.88036901539752, 134.01274500850653, 69.38338425907847]], "14": [-0.48320934374253854, 0.3712867971676854, 1120.2006324033086, 269.20560730870824, 4.339838931318093, [37.65682896962899, 50.82976717921451, 241.6245627589469]], "15": [0.33994077441373205, 0.053485695685460466, 60.907274024670684, 631.9537280290289, 3.814350285438965, [136.36512004731054, 12.69726045518571, 34.797177142031224]], "16": [-0.20639879517409299, 0.23306673457189664, 86.18745365873286, 596.1238467078421, 2.040360540824453, [222.74539540568438, 94.32328687128324, 31.330838951746674]], "17": [-0.22683303107069142, -0.14318814048872563, 1295.0474636298525, 630.4539258334852, 3.1626020856391834, [54.860753285321614, 23.01666254968099, 83.1583804846587]], "18": [-0.46351762864012847, -0.1848541301966179, 197.22597382437783, 128.30123625121442, 4.692304043318314, [36.5837895221824, 45.718292214643384, 155.15473970355683]], "19": [0.308140179420756, -0.18256480349054394, 314.1589333557577, 460.6232056635946, 1.268885971197734, [153.49323037033545, 67.02107716434013, 251.51799478119005]], "20": [0.43317482684952147, -0.11706944108812867, 673.4356046191, 496.6624803451454, 4.155244119434812, [91.47706277016366, 5.311547112099225, 147.24997951977807]], "21": [-0.2201872235199187, 0.015447827654436641, 1415.8262461484774, 474.8284936046225, 1.1940279156030238, [203.5227609825985, 250.76694261943936, 244.41773358400437]], "22": [0.06798502094853232, -0.10950786238251897, 560.1789544029695, 695.7841596846522, 1.8017546749695479, [84.34083493492057, 89.26550221431226, 234.63643624368015]], "23": [0.07514080001644641, 0.12739466722056858, 657.3502885353033, 301.72745306037143, 2.805662026475251, [211.78461793677047, 235.72131379189338, 68.42380608013768]], "24": [-0.14406439104209234, -0.00537499918650286, 823.7131673375749, 627.3392531323001, 4.900627147578883, [75.72864723785223, 127.66935810150368, 235.67363579402593]], "25": [-0.49992717543084086, 0.4446146588436978, 296.00085181520933, 195.37758953994606, 3.719869272303825, [154.17074443958188, 216.60315613670377, 46.6483304842174]], "26": [0.12835289830625385, -0.033679286251943386, 124.95120662130387, 589.3241937674914, 1.0889684962075064, [85.94521514589637, 101.00984261774934, 126.06050154597128]]}