{"0": [0.4732372074754847, -0.43830974602359296, 1068.459177714623, 776.6479202531777, 4.287010842163534, [15.373047688346396, 137.68606996130413, 194.4901818492719]], "1": [-0.15549028221526306, -0.30679431736671736, 588.8539954004119, 377.70221785158793, 4.902227789788141, [182.64651907527414, 200.6343450080937, 223.02009509042017]], "2": [-0.22362200868612747, 0.131754780584869, 1317.9997496740928, 18.31953940228397, 2.6620533896016823, [221.79972152993417, 30.8501110469518, 104.17809482843644]], "3": [0.2068720282244939, -0.4043960079091863, 1428.5406693074235, 354.1108838617196, 4.651741473721328, [22.368603649163493, 241.4048095329839, 188.98970651658104]], "4": [0.06826721887606002, -0.4259200683900307, 514.7505207418432, 403.37598790142806, 2.7331647032771054, [198.9600146230491, 31.930040746149693, 19.887450573130184]], "5": [-0.38217604534261584, 0.3134110304599167, 991.640790401485, 467.91684801703894, 2.609453876499468, [135.46622695050613, 57.81394080868812, 35.95284605836523]], "6": [-0.45081527120970244, -0.004318384724750768, 658.2348003817732, 529.4024100393831, 2.6218741086698163, [242.01102083259713, 161.6052669178059, 15.387196319668718]], "7": [-0.18928667332686755, 0.2700254989450571, 1085.6107433664563, 521.2929745616605, 4.23754139319327, [121.01618378891965, 195.88397963038165, 109.37396877222749]], "8": [-0.18997281247551734, 0.42581441487168414, 1399.1792370943322, 755.0331195614503, 0.43838808168085497, [44.76006816529778, 159.49740588348163, 113.44685650867416]], "9": [-0.16044222921427087, 0.2254168305121682, 443.9974840291297, 434.46421402092403, 1.4800748843960232, [79.7469088469731, 154.92123112404312, 251.51974871576402]], "10": [0.39694601234527305, -0.112573501506392, 1187.1500757836784, 706.0589221090994, 3.0726900867284463, [45.664713576877695, 66.41083611637593, 206.5990098964406]], "11": [-0.4565464138289086, -0.20030880444101362, 1428.4840443491657, 255.66879391852214, 1.934619332681925, [150.4410153355219, 184.42399094706383, 165.35131650377346]], "12": [-0.42796010836443066, 0.1112589031455562, 976.5120450033568, 376.3598812104494, 3.1490602472515867, [166.69702451480956, 61.131289424959135, 128.8859046546409]], "13": [-0.04073772085159477, -0.3620752856135333, 895.6249931706068, 753.9774459500045, 1.6132734807587572, [128.63331422291654, 37.81277686669177, 166.52601213658588]], "14": [0.13174405590379268, -0.270791820712311, 175.49960431713987, 627.2824585300459, 1.5937760963021415, [130.97477958641952, 177.79473012703204, 132.8115932499192]], "15": [-0.43598142563336795, -0.06255170635394058, 686.3437251687684, 476.09624703678907, 2.2072017280075813, [56.976137762630216, 204.67261242138815, 56.24012166354321]], "16": [-0.3390276102624348, 0.2854080559541614, 730.2455200276837, 150.21656350421554, 0.7704556029657295, [156.91589122547816, 253.97367653015678, 110.92465145296131]], "17": [0.1976688315401003, -0.02837515588956363, 841.5610428369905, 341.5090133125438, 0.6528463422224973, [175.4849976010272, 65.63647684288499, 244.62482367482107]], "18": [-0.25914512155891944, 0.3363187770205579, 864.3770282099033, 578.038338958756, 4.623479048252509, [105.12972991641654, 61.982695343522614, 134.39231837553473]], "19": [0.26934731153074687, -0.3366720597696773, 433.64300899036766, 624.5852793942025, 2.9090505498478825, [97.35844043094518, 233.9836200496582, 2.1660239587966545]], "20": [0.20904096176211318, 0.10616994739421648, 1114.9453312744763, 358.290726768419, 2.6657334427909247, [123.19029301413951, 196.4006828863419, 249.02013195791574]], "21": [-0.3593071349636464, 0.20242192076063403, 494.90593221508317, 730.8602238297394, 1.263452841291991, [211.2647788885646, 212.49900007066955, 239.42417366876575]], "22": [0.16291359040293507, -0.263468659256636, 1157.4767635265496, 466.17519807663984, 1.5360760336195272, [223.15678667413607, 227.35872342705582, 124.21371671693234]], "23": [-0.2159786104115925, -0.3878980322224187, 311.034518768611, 611.792983492249, 0.1281549975263846, [94.66492110403512, 80.64904214454069, 2.6876516490589344]], "24": [0.07095576398328529, -0.42759714844872476, 565.2346329955589, 569.9685383226829, 4.143762098646883, [70.55829679817623, 240.23360127969187, 158.37819020565615]], "25": [-0.0995828936425559, -0.48465948599183284, 1426.0843486689653, 104.70734569763387, 4.191254232274668, [118.86622783549105, 165.43621625336394, 194.2314433556454]], "26": [-0.12311760114750925, -0.16123049875335238, 801.9568930381179, 221.40455326318965, 1.0769538587416894, [102.21394753157054, 128.6144462488948, 110.76316695691106]]}