{"0": [0.11285388263577312, -0.05942320230577314, 1075.378202846343, 115.94205656238125, 0.08494391137638335, [101.37111792911725, 91.66447202718093, 205.13430871087854]], "1": [0.15243019853605666, -0.063868197157944, 1438.2105325753625, 227.5436150976655, 4.108688346730689, [17.54705770878299, 65.50714978749913, 113.61817058598504]], "2": [-0.021547652567900144, -0.49373584689792904, 718.285461242046, 646.8118966615406, 3.6586300970603314, [143.97429906187597, 234.6804999651118, 124.97413717979543]], "3": [0.4176994428656893, 0.41172988154378654, 1306.4763859524137, 403.531708959796, 3.0581155664271824, [96.7169875346189, 150.09179260922502, 148.40081960450817]], "4": [0.2116206587492414, 0.3997213342907323, 610.5657691845222, 641.1995979893841, 4.269379773289896, [93.99402385691165, 108.43770704887856, 101.95156073062361]], "5": [-0.07904817676257103, -0.14626615221555406, 278.1608533759885, 611.6431876539802, 2.805910249126169, [110.93597098348849, 117.36451772341968, 65.77874728758067]], "6": [-0.2127818170549136, -0.2518941012433473, 453.3726873654935, 640.6957366298008, 2.059748549756955, [230.6819652352657, 97.34529685714976, 213.04162334068965]], "7": [0.2725765905708353, 0.37142135200437854, 505.2729222570672, 149.8951620964398, 2.478909305620454, [65.13840776707497, 183.17729251542133, 156.38077522591462]], "8": [0.43559659570810305, -0.4258636258767007, 198.7706324898533, 129.57606919085381, 2.596872854169118, [2.956432454961112, 6.280207787314904, 60.28106393596431]], "9": [0.33719522695982895, 0.0021537311385424474, 1313.4181267126219, 213.55799681539685, 4.506065445779475, [253.41375874058994, 37.70718439715903, 231.8849933791012]], "10": [0.4107337165367828, -0.26536504361973634, 1409.7998401043649, 726.2392316042935, 2.688907724629011, [215.38788501495432, 134.33316589528127, 146.8309294653003]], "11": [-0.25946284828328947, 0.3919854927417683, 406.57822402893424, 186.99837909132836, 3.847846359954858, [141.17530063140083, 203.9242687399149, 235.37830896619792]], "12": [0.11824318031451331, 0.21628230310151708, 1133.4393580571666, 37.07755637806373, 3.944681610941925, [75.56163837017031, 97.41662261663726, 60.05855768396284]], "13": [0.48745706354841756, -0.3220874910687088, 1336.6582520690376, 63.85987677185199, 2.5531811706494723, [241.95844604557237, 90.95418695470296, 249.91749005762262]], "14": [0.3087953239680207, -0.10971560872649777, 1404.9046730763228, 252.0335167270021, 0.7484498209961327, [114.35664345941598, 205.59062756060035, 30.96897879557894]], "15": [0.4585930453447592, 0.4067994063604222, 561.8866585422586, 690.3694798654876, 4.828080092050441, [71.4641642159969, 0.6141812362466559, 149.15431356290065]], "16": [-0.43899038412653546, -0.37980158271926834, 196.15807611203397, 33.68563778368916, 2.4942676266940342, [103.43272548207435, 163.03139538844928, 41.15797366383637]], "17": [0.2704832608595974, 0.22925164735373948, 98.70470491422167, 186.82662158447192, 3.3285154650852276, [135.32760033746496, 144.2115510230505, 182.95961733367125]], "18": [0.13108001134971037, 0.24773906554668135, 1075.4973756113143, 448.1845818174885, 1.0178331207994207, [222.55580894990956, 89.62087157012162, 11.280381855502359]], "19": [0.28536266213061456, 0.030450799930287875, 715.6919026744406, 118.78420789322313, 0.7800963530203753, [185.60168068843797, 69.11163359836395, 166.76584117677766]], "20": [0.04215225020048663, 0.49694545538008716, 154.85853253395433, 565.0009785633321, 2.341904312375611, [243.29182710680678, 33.02840284817618, 85.02419559925166]], "21": [0.08668738645457863, 0.24323950520775284, 728.5248622425808, 721.1153048141729, 4.7537781542383115, [246.21895656934717, 206.83116216405747, 117.17382430074792]], "22": [-0.49110854379096114, -0.41813960748032186, 975.0296304571114, 607.1655361377522, 4.839366352632446, [224.27909827766385, 136.9023922899682, 128.3423167053751]], "23": [-0.3798113727222119, -0.22281419791718227, 531.379089210885, 730.7840442187173, 0.1271923717737189, [67.55324904627307, 195.11012603178676, 217.33079737976368]], "24": [-0.19717390507521337, -0.016616318687672216, 460.323047995574, 512.6491943658151, 4.737212149366556, [254.28754237112526, 212.77971731092606, 43.3431853723908]], "25": [-0.26375426978907, 0.4348562284328087, 248.3867048629084, 694.8048501030436, 3.9411724369986105, [246.9540630916921, 237.63073592439753, 103.40312389429667]], "26": [0.32779763627743186, -0.4213037129484022, 384.86943337702075, 560.9266363248441, 2.5694915684945974, [69.44211719956733, 28.169636973509338, 96.93414253304903]]}