{"0": [0.4956439176172994, 0.48769144938482045, 1292.6250235988268, 732.1704285406543, 0.16920522746697586, [138.96165108680324, 209.07371801539904, 128.33451709269292]], "1": [0.22816143273042178, -0.42670731046639354, 1126.8884476853932, 269.3145159056049, 0.09326211059002609, [23.507726854329945, 97.912413139771, 166.9127454335571]], "2": [0.28876616981197156, 0.3724570513184462, 1170.037523978818, 366.33745135845055, 2.1641446166048066, [253.76139263289988, 127.86885174761133, 217.40357540905654]], "3": [0.07204009443244275, 0.14786437000182884, 317.2167084178643, 78.09289689740152, 1.1668003340053823, [122.78974854352863, 172.04952713676767, 184.59587262514125]], "4": [-0.36127543289747976, -0.22703734136737286, 1279.9361907974915, 517.9348976158012, 4.377921664042015, [168.54831157497725, 174.76835529833522, 195.6384456344508]], "5": [-0.321411014521751, -0.4570760929153572, 1263.5326544245409, 780.4168332034674, 4.707684988340493, [232.30899999243383, 98.97276963411417, 167.30987528816695]], "6": [0.4628221652620714, -0.009312896138690352, 720.3141466128502, 666.035049995798, 3.5780339059422057, [222.2651533767434, 60.03062840268646, 201.09331624382057]], "7": [0.47870293043210643, -0.4821977859729971, 1260.8866838858353, 581.0029895245428, 0.5770397621700518, [97.04648769724074, 159.3516644895728, 20.964713363654017]], "8": [-0.20836844693714407, 0.34122356070440296, 1018.4196326356432, 170.6769955921586, 3.688414513728841, [234.17004664993, 204.24343839771177, 223.9590230592831]], "9": [0.43965859792699336, -0.048800987887335, 255.1879145227512, 375.27244102307014, 0.8614709370270396, [69.55219856921546, 44.398700866981805, 56.25431830941216]], "10": [0.41748732051476933, 0.47661601797803876, 526.0666369301711, 646.1700446214655, 0.7186959632290812, [176.96346915527306, 226.24102063664006, 36.26633954096912]], "11": [-0.2024328167700511, 0.19602932183735933, 935.2163703975758, 25.92341080249252, 0.2701492090643015, [142.30780940631826, 66.56813638561884, 127.05614153874372]], "12": [0.06628618095665739, -0.24759740632150307, 587.1175758532495, 398.1515031752263, 0.9047330704302531, [238.89183442223936, 94.16144724790377, 49.795801912219154]], "13": [0.09435944293947007, -0.025133474350639617, 1.7561854606508298, 214.22144359011935, 4.193341675709597, [144.35122848910237, 196.16249961098393, 116.97114539786848]], "14": [0.4277250768919719, 0.4442098948036176, 7.817206868537312, 714.7322211836877, 0.742501621349152, [110.089357399931, 178.003387116965, 95.3250244597504]], "15": [-0.39689671389863, 0.043251458052082525, 901.6086765585815, 35.96934910204652, 0.31272948576028303, [219.90326279312578, 133.9450772824723, 213.19893258360037]], "16": [0.37927893917888544, 0.23002575503425815, 1063.8319731511951, 795.8454826844961, 1.7491600313881457, [119.75633143719593, 122.23262920066448, 0.8996429611369211]], "17": [-0.25435073644222195, -0.46806489019222, 1337.1521729897981, 675.2394666429335, 3.078832725781181, [114.76438581056391, 219.09355796456558, 170.28295161420775]], "18": [0.4258314027104676, 0.015522765295051033, 529.434264333414, 137.44475928357485, 0.06788672720105915, [50.594565929884155, 91.6918640962143, 183.58468509783393]], "19": [0.10384162720017476, -0.0016219181684681283, 1108.9921523896714, 792.5437547616796, 1.2224530093640906, [118.73794157233237, 172.94481404529407, 107.33704344174907]], "20": [-0.40472287831100084, 0.21973629312394638, 1149.4282219765441, 662.052465314089, 4.182500830401519, [9.037639723471374, 246.89278931337125, 241.51452469944337]], "21": [0.3025306334271498, -0.2529524787516847, 936.0614189507894, 238.40181431866353, 1.715833715611933, [82.35221620492352, 74.54647451754313, 82.83705520496694]], "22": [0.4485432091356333, -0.2029534035124152, 271.5620243305141, 87.41734177777509, 4.370003116679256, [97.10743001082896, 1.162742597653501, 150.13701647033955]], "23": [0.1107999299191974, 0.16462193706766937, 357.9227576521089, 36.72803807292367, 0.6739686078974966, [242.55028715672088, 69.41371656542319, 40.51838187475112]], "24": [-0.37114336622549593, -0.47475843618128066, 776.466728003895, 368.32938644711425, 3.099864635117209, [112.57601470641406, 164.7342658454319, 111.20098151319917]], "25": [0.335496880937894, 0.18814118981798444, 897.8658098176437, 316.7182063010035, 4.19152058134967, [133.22559892555145, 223.4574054534518, 65.3064324968778]], "26": [-0.022169393698540207, 0.03885440827655395, 274.48777890430495, 432.2389344875573, 3.1906780896695066, [226.4822318388506, 70.05247953369559, 125.1371337933638]]}