{"0": [0.23670755478805006, -0.0755398823053286, 176.79236590123134, 52.17273456539617, 0.9031920961624684, [67.28283420766495, 40.1900564808435, 44.35609450223943]], "1": [-0.02239725860859998, 0.33982308638463266, 179.19705397967635, 307.5877914877502, 4.007634688891184, [12.964951492620848, 60.75635268615382, 166.12310507252656]], "2": [0.20355608114560464, 0.44136338090766447, 515.2620123088733, 328.2388271414507, 1.3962484000079662, [159.70347245982822, 20.148993713366504, 116.29453985632078]], "3": [0.3730311311785829, 0.07198734128342055, 1427.2239348759622, 619.7737296825098, 1.453574618746785, [92.7065687064287, 94.78373802830083, 33.29506586625287]], "4": [0.4106988962835446, 0.1545810429985679, 671.2587486528937, 87.53901268082664, 4.798098840486075, [190.46008677034942, 146.94630149674663, 45.89484702686617]], "5": [-0.16327596003077538, -0.10186564981014579, 371.81239513624837, 472.09259855100225, 3.9217090261577434, [226.84885192565102, 123.02501374799049, 118.57928837762748]], "6": [-0.2347657438134172, -0.4432289594445039, 423.67868671719407, 393.3957049915179, 3.4994723539742245, [35.530567348967786, 230.86754146702216, 206.32493458129815]], "7": [-0.010769530472114375, -0.3459511010197661, 675.9988722196763, 660.5578890467027, 0.16196236955706322, [144.7203771475639, 217.5774663843289, 220.6474195597482]], "8": [0.18023869354749966, -0.09059450384470624, 1164.7805158434235, 364.03821269383457, 1.8551066568723678, [243.15244712164716, 144.1046735832436, 174.89638793522582]], "9": [0.021429895472401483, 0.13620689111430961, 716.4336593936007, 759.4001636504405, 4.0056428658834555, [227.06005881979306, 91.72906793207207, 164.23002781645184]], "10": [0.05338009289136392, -0.3372715559785604, 574.0428599565297, 272.22959494533364, 2.9371279243887907, [59.37399500942466, 0.04962443811576456, 150.59439497767892]], "11": [-0.37584924141458464, 0.385927078984305, 771.7413793306697, 303.1869190255833, 2.306126120996448, [92.48423680909502, 32.64519151112744, 220.7149278532467]], "12": [0.22309539902130415, 0.16103244979837994, 864.3952009727557, 311.01655869043975, 2.938124538810989, [40.82135317319432, 153.36019419136593, 153.38229541817554]], "13": [0.29216694073145044, 0.4397758509140106, 1430.8057595477592, 627.7337532984016, 0.7893717981960774, [28.783223854794844, 13.968554084768508, 140.83743319074088]], "14": [0.4296307097839003, -0.15977269570678232, 1281.0582789814287, 785.625524663838, 2.818887422246436, [100.70411648300794, 105.68036985774275, 126.22111078532349]], "15": [-0.2963733266606986, 0.19460965465403823, 141.88955758640452, 651.7669529857517, 2.310852894341581, [252.19520464948425, 92.01154605000006, 41.34619853430005]], "16": [0.42302940238168363, -0.3783096203270411, 789.2218505928365, 474.6220340035211, 4.674493744658317, [132.59121993099058, 189.1499661091674, 167.9031379239431]], "17": [-0.17843701397226508, 0.2049513424399656, 116.39137985995389, 500.1309513304018, 0.934905284295599, [246.63769304962108, 231.9270406853798, 96.05270839083398]], "18": [0.10554626080200724, 0.022818714275883223, 19.49964296968206, 78.05690406317663, 2.4494539135041764, [103.09481067321147, 179.94868454819988, 137.4487082621035]], "19": [-0.4976773597116264, -0.11873505463117462, 608.7638600537972, 16.786292115088397, 4.515086262810637, [87.42067954787713, 139.896252369308, 205.81609648107127]], "20": [-0.12405616408324505, 0.42510288446276434, 1342.5234074166094, 667.0234741155723, 0.9666607324196091, [36.46635677178885, 208.55033019649602, 228.56976693580765]], "21": [0.2249533741861286, 0.38532870729134283, 694.4043854304808, 173.76844865032064, 4.358499920681937, [6.792480042299178, 187.00719477241802, 105.79844563487887]], "22": [0.12452462385787999, -0.4284213547456883, 1359.9027845691742, 579.0815082334633, 4.364457307687693, [205.99044053610316, 11.7747243799981, 112.84833731358736]], "23": [-0.3818025369920163, 0.2559042740687051, 1062.2200792171752, 602.6240815847382, 3.240570840803909, [106.96057074889099, 158.75829028062338, 136.8426251526739]], "24": [0.26959089375558587, 0.3900417934313338, 21.109164683841524, 772.4036508570317, 0.43246497961294317, [124.57144302044779, 12.316910050464775, 106.13202925119555]], "25": [-0.18700502854642842, -0.40719659892083937, 862.0682151060447, 660.8054746155735, 4.231741078618599, [123.44830343149042, 188.01654809244437, 75.92159855424549]], "26": [0.4845585338471078, -0.09073547476305754, 1040.3604484523605, 133.58885078074528, 2.7286117079372705, [244.36235751911926, 233.90579929722776, 19.875120155902263]]}