{"0": [0.27597058946685915, -0.08254383339197457, 211.98266537428407, 671.3077397679644, 0.7193815510182322, [198.733643951347, 90.31919540873938, 114.83487693320619]], "1": [0.22662757137761358, -0.2601294463607924, 1249.1012995703297, 533.5359669642825, 1.5920616274289667, [181.34290901393084, 195.90705655895974, 14.44432289020723]], "2": [-0.25393063641378466, 0.4190566810950188, 1166.4306010978864, 245.33752768012346, 4.954092907490531, [227.8728104957235, 113.9889301955074, 219.86292602979375]], "3": [-0.10158082229276422, -0.363006571693801, 465.5806201444336, 60.95555472336498, 4.966692995951017, [170.62828376085494, 109.20499947795203, 61.558987401985924]], "4": [0.39200688358098223, 0.3640570078744234, 834.8677112919197, 123.02425358428675, 4.441880612751673, [148.5205456902603, 157.87790249163592, 158.9457561840936]], "5": [0.21833649430340862, 0.12177535480929336, 570.6621938019309, 384.88769237455045, 3.2514328526371825, [203.3283493116065, 118.41570641678446, 181.64029979199188]], "6": [-0.22798023601557338, 0.12745197744345982, 1274.7349489867152, 401.69823614483613, 2.709352725634554, [195.67528553072535, 163.27326571800532, 132.70633985949306]], "7": [-0.49858925999809034, 0.23633329989964802, 1019.4277277008373, 420.8692312821534, 4.4353872362525655, [111.3082923353506, 181.39779703307008, 161.41681496713056]], "8": [0.31780231810178516, 0.17214676445395882, 1117.465376752373, 309.3704095457236, 3.346921608704363, [191.10239974498828, 157.9987092993279, 157.99912343177954]], "9": [0.4592514479267784, 0.016455188444982616, 1258.223127474467, 743.4511702618869, 3.3687514709751114, [60.63425101145055, 193.2678904674287, 41.60337245846686]], "10": [-0.34331565980101797, -0.21432789573185107, 236.5903771476021, 63.55783545044913, 3.4959913800218967, [160.46170630006208, 53.91592659547661, 99.2118723926111]], "11": [-0.4823783861578457, 0.3397226052270338, 243.6473049400362, 289.2331928977601, 1.1403657751371625, [6.589261606996154, 28.44807570824101, 228.54525111594148]], "12": [-0.015056312371296898, 0.08756110015964846, 226.16912877487547, 582.7874438800621, 4.627777707766283, [87.29788342959245, 70.92715084544388, 102.0107234085045]], "13": [-0.308606205795097, -0.30257982826693375, 1078.746844117216, 729.1546729279644, 0.8972980973614136, [224.51748617237058, 162.99839867026014, 126.46405514053414]], "14": [0.47769441982869165, 0.4686546112256532, 857.237025993597, 494.2377804705678, 1.1466908464329761, [203.75977476730705, 152.33295190574373, 202.72819237391658]], "15": [0.4358351724701075, 0.06346229776687273, 6.4589552723347765, 242.7775520863591, 2.96219425740108, [162.8566612349955, 69.10451667335107, 77.77792912364114]], "16": [-0.33289147723770096, 0.3913827114029018, 693.8595428564449, 581.3598651607092, 4.160046043064682, [31.70078216230084, 135.29337290146904, 22.128553875567455]], "17": [-0.40345128806155584, -0.38876116290383367, 1208.464445067549, 401.0019201663421, 3.0013592614395606, [174.95005244002266, 171.2786589464157, 197.83309987236035]], "18": [0.3881860793855856, 0.3694986491174367, 1097.080393032025, 5.99641509180211, 2.8167342148610857, [231.47215928148736, 216.51548319834177, 157.44377790059576]], "19": [0.27523896961574557, -0.1523814022902904, 118.50830557248335, 648.7213907377711, 0.09514226022012406, [228.96951472186007, 74.25855175862242, 93.22276701606475]], "20": [-0.03461406922809773, 0.34793255653587896, 1328.6505474905275, 126.16872930569984, 3.2722246817704925, [185.1926003146395, 236.34265844155402, 199.45110403436323]], "21": [0.15101803737023112, 0.3618934529642013, 31.801490497157552, 675.2893014294128, 3.926166278699907, [117.23048032409835, 112.45885985369772, 129.96390875726823]], "22": [0.27003412021856876, 0.45375441618004053, 826.8121052981267, 213.7103410108569, 0.9594351518325439, [209.2006771909949, 238.87641676221608, 122.90727352068247]], "23": [0.23696932519710312, 0.07191413477969155, 502.3454243040336, 14.976107207762901, 3.101855411595445, [217.04904664270722, 19.421328411821644, 188.404824276274]], "24": [0.4780341907732021, -0.4851188237178491, 173.0788099767614, 282.24242191366454, 3.5801737356679815, [183.25625140487597, 77.1243818749242, 121.41704977128764]], "25": [-0.40751870870583395, 0.39939855988937234, 340.4207688019115, 160.89548034465926, 3.161860049560927, [138.71963316300972, 240.06432546830445, 161.833212171661]], "26": [-0.1924516102065772, 0.2962975067509207, 715.7469408682581, 504.2825756199025, 2.9667233177348704, [49.259643210339306, 64.69984201312954, 110.84266513942246]]}