{"0": [-0.43647782795109547, -0.0772417722309301, 574.676879439865, 95.76458153613707, 3.465804726569328, [201.33393179476414, 33.7854830879531, 134.30649638692722]], "1": [0.36890469819253024, -0.3283927890769095, 426.2653255148087, 719.7932475548379, 3.4445803284158787, [45.98422464004551, 47.34233965003737, 60.42034924436345]], "2": [0.2737051972289194, 0.36262346495597275, 277.4930683564628, 243.92213412040772, 2.923629295247025, [52.920295230623985, 174.7693341315009, 205.86203347392325]], "3": [0.433164263316569, -0.3679155547659261, 43.28818312110961, 107.64631250165718, 3.409034807695674, [110.45842999592516, 77.54236258650434, 82.833130680043]], "4": [-0.09963849231692001, 0.29984079332391333, 110.30947027481281, 369.7166031159693, 1.4931934791080042, [152.39292662786724, 30.37796325067384, 146.88410055568045]], "5": [0.3959863346256466, -0.445003034633878, 213.53200018832968, 580.9376052562122, 3.421292876864751, [71.07152594578085, 132.69412753405845, 55.26622199609345]], "6": [-0.3164919916655786, -0.3156127171501826, 990.9937332330322, 441.5234284927626, 4.344904328426715, [129.09387155359735, 168.8439943668283, 229.77303828755748]], "7": [0.48237643530924845, -0.11396670776844964, 1064.4370187955049, 559.2695897225835, 4.536515195824531, [107.2696008910703, 185.79976606758004, 75.81819522744853]], "8": [0.36825180620495046, 0.38098135983378434, 1167.9934519890712, 112.71919874058965, 4.153500332330146, [73.47007529234675, 122.99680404227063, 51.200789348199244]], "9": [-0.32998526902447356, -0.1244852167162156, 1140.479451705205, 463.0211102400558, 2.0785905283840407, [27.05757464367057, 53.70139775451738, 0.6501651944706976]], "10": [-0.14772333535908244, -0.22863635630236256, 1404.041932913977, 79.74138482330576, 2.53672610018314, [167.05869570603284, 179.8124756759445, 249.14383762534]], "11": [0.24093980885561106, -0.35830792821178226, 788.5668517848587, 761.8283643641768, 3.4126983398815707, [21.00518777273859, 23.93663487534969, 152.56407608954854]], "12": [0.12446481607689697, -0.27330980029529583, 1313.7729907186335, 334.2008137784265, 3.7968077805863714, [56.70755252454664, 0.2663896745962613, 209.643439578358]], "13": [0.48588071923153797, 0.36107077117387587, 1305.91912703674, 544.8751842524456, 3.3990213062355155, [156.16546153312692, 181.79171255036488, 85.63475267967002]], "14": [-0.365285642702339, -0.3963335334079372, 1081.4821145785554, 246.45341386565968, 2.5176905904572076, [57.80844332592807, 90.62972524163752, 101.31752560692708]], "15": [-0.3474461113299242, 0.21551439214868884, 600.8098527125135, 541.2151864340246, 0.10137722898144075, [89.48566370290686, 93.76693132329875, 7.127684590197571]], "16": [-0.10234625859762614, 0.43097965089631873, 1061.9199872995375, 108.06058874197042, 0.9502080151613496, [119.71858956750562, 200.83907355987884, 62.33488526718562]], "17": [-0.1616664625761175, 0.48271065174620786, 1302.8273210393274, 762.0586733780228, 3.608349407059741, [158.41819806245945, 182.90174152096128, 14.40699091674598]], "18": [0.4840935091631846, 0.19897208248013687, 1085.074065746062, 771.396845012979, 2.1727743411241844, [96.14531158402723, 48.04358676080461, 52.443950860082424]], "19": [0.13480799854941594, -0.2958506265866714, 278.18913107812614, 564.6436962010581, 1.1778189321005683, [43.059707706096184, 115.21492174155377, 72.38345069313758]], "20": [-0.4935254757661558, 0.16011647575425259, 816.9184169531156, 269.5137470531598, 3.7214756092147825, [107.64814100867007, 176.7487119574761, 156.58343946107203]], "21": [-0.4977225890459258, -0.2597982792205391, 690.1771809366135, 762.5192732787218, 1.7626334317086174, [151.29808121908812, 15.162943307719011, 201.01998367809566]], "22": [0.24917727606108153, -0.12693012287041483, 62.09695874361419, 731.965514720887, 1.6615310927853937, [6.291633218791563, 144.00403493374432, 9.937736357171943]], "23": [0.18971994397496872, -0.1903779516575611, 560.2194444518764, 316.6232847513413, 2.7799463316183037, [127.21543977999778, 96.88647496119677, 157.48035777354187]], "24": [-0.10223758588094733, -0.31333556975447874, 30.172559004981725, 171.33380784007645, 0.3564043483954865, [120.38418540425606, 18.32472960293073, 233.34957008221872]], "25": [0.2608781925957995, 0.002184038694971635, 446.70511184686416, 586.1692946488325, 4.4402704156726704, [158.68271804253845, 13.773259900524705, 56.49912962709944]], "26": [0.38052732141116197, -0.1488427809654056, 1110.457915606491, 487.15107630970164, 4.001573638299877, [151.183142522731, 241.8929813937543, 48.04424365293601]]}