{"0": [0.2968976517633649, 0.31406087567022645, 778.6512470026457, 161.8527981223531, 0.40305449851009145, [88.99384795372613, 98.03595066766442, 50.1561377806621]], "1": [0.19093214698398275, -0.11737299707394244, 671.087584998401, 626.06277086051, 0.6781903645147075, [0.10266843116670255, 124.19719626064656, 118.3921324359921]], "2": [-0.4279311601307687, 0.05467977555852066, 787.9545517948967, 320.62057753298683, 4.991807092293265, [175.39941708327515, 227.86494571520385, 18.693920009030098]], "3": [-0.01715988781051281, 0.00650564468963577, 1080.272228420679, 73.42744000063979, 0.9363587767202575, [48.8442856454348, 106.67368680101455, 224.38818292894263]], "4": [-0.038557986143384015, -0.18365657764543053, 550.8007956658901, 293.261786833885, 1.6647172305471951, [22.20595752592172, 38.4296577438318, 122.92163185068891]], "5": [0.32211105336336376, 0.01797693239859277, 157.64306942215146, 300.70313011438907, 1.0489886643331432, [208.99796378355376, 162.78171485232258, 120.62598114120642]], "6": [-0.09122027294269186, -0.4278283683258124, 1062.5383218310049, 361.08398461182577, 0.262827213491017, [214.53627453322832, 91.07873315738487, 159.41127337124158]], "7": [-0.4023731471688491, 0.14924492497783015, 1319.9623371062667, 535.1308307552262, 1.7977319098121285, [175.16776030545344, 61.81711420787296, 1.8334166558361176]], "8": [0.060418164709516664, 0.03907991764356178, 1433.8095544635823, 18.823914503137562, 3.17966844487135, [200.28207148024467, 152.8131934847294, 184.32867046409118]], "9": [0.14664504227542863, -0.19841698142867759, 535.0810221822164, 125.72779373908452, 0.8765936276634084, [238.32711001581606, 128.48296208227387, 238.4631017100774]], "10": [0.09644555747801542, -0.2705172007339307, 362.7186237739807, 381.9922889260159, 4.523328193620115, [47.42308640438796, 26.408323254296334, 125.48034068239603]], "11": [-0.4755658754231036, -0.3875166377193797, 762.1551778680745, 423.23502764631326, 1.1698360429779786, [234.75327076759424, 74.03149771900924, 201.7649175240932]], "12": [0.1960327511910529, 0.19435155680275007, 218.32801235323996, 344.72179991361696, 1.0204649778499408, [18.70205188767291, 154.3647556682748, 174.7209030813658]], "13": [-0.400782852374726, -0.3063099252931456, 685.7842799596989, 567.034289774109, 2.3639360452425473, [144.4559595794419, 193.33379494608556, 100.09672977286735]], "14": [-0.3213896031742022, -0.4489301125830585, 439.31276935734695, 459.7084783049801, 4.137544724726099, [164.3702907375604, 70.043561299486, 88.72536003911075]], "15": [-0.23407618489812465, 0.36608047401102084, 1096.28013090352, 631.7393251547707, 2.8162587777393733, [204.897660466165, 54.42079847451754, 170.31456233351898]], "16": [0.34309696590645145, 0.3737710959123386, 1421.0507828912837, 794.0510849342293, 0.7666601743075346, [221.0641496020502, 37.06612042154763, 188.43218497264164]], "17": [0.2234930541284067, 0.27246771323305985, 35.69767388527259, 635.6397364162141, 4.625110871676834, [68.83722169962525, 83.0120475448491, 15.957085759461442]], "18": [0.3587822528007607, -0.019276487739202763, 830.4688058360027, 267.0468109873159, 2.346527982488678, [21.042070420974177, 237.3334354221583, 213.28100852742287]], "19": [0.44068489075771444, 0.20689554003659982, 402.66812692211914, 258.1300391504619, 0.0008338132835494783, [118.92148200101497, 67.72742603586347, 76.01364238392773]], "20": [0.09697816058900233, -0.1857162534725174, 496.3881339570886, 240.93069210113134, 4.583832874330335, [245.75088207167272, 34.167036119337645, 246.47827187256786]], "21": [0.44842276426842564, 0.36269464149664055, 158.7549202629699, 440.60005184997004, 4.138381093225803, [2.404213499558284, 77.83270987083564, 129.682567871607]], "22": [-0.48645161308110507, 0.010536597744508103, 607.1816433276341, 169.22185261662835, 0.1281809889677421, [38.19460145392657, 188.78233561459515, 43.01358057734174]], "23": [-0.3410045121833457, 0.13350841051611417, 225.56780876884721, 467.3442243888992, 2.047420467539754, [10.191409882703644, 218.97793080879973, 134.03238273416312]], "24": [-0.10718641255156802, -0.34146289464216173, 119.58852828923179, 352.71632160757963, 3.789228199914256, [235.02664434753285, 229.39280309635046, 221.64003590061338]], "25": [-0.4107538270283986, -0.1901569053216836, 994.2145624710308, 289.2693928237525, 1.8531995591089419, [251.19085896074597, 156.29627866173885, 168.9730503904559]], "26": [0.41913607463615765, 0.36013641651685446, 1112.8674176837335, 643.2841405883366, 4.85835569321014, [132.91673165974763, 217.83601497572897, 90.20429498312276]], "27": [0.011440978584360106, 0.04010160784530903, 1275.7627085667525, 551.6370587993774, 0.8491171826127403, [151.69070666561583, 157.1769909307643, 238.14922761732896]], "28": [-0.3686234387217264, 0.10322972112943363, 580.8853247230337, 319.462946461326, 3.69989193818639, [188.02010651106866, 64.8994501516556, 64.8142512843608]], "29": [0.130478752249506, 0.17332425833730525, 485.6159087503919, 626.2389562313939, 1.579967002176993, [206.55031244741315, 195.8979659936014, 253.478377526307]], "30": [-0.37729202240138227, 0.4432668033688616, 1140.9963116831786, 354.04521959618825, 1.7587114856516677, [179.41095481585356, 68.16159044260911, 36.6403016827717]], "31": [-0.34371532863363763, -0.14204770669530387, 1328.4997704393752, 757.6001634091873, 3.8297910058293985, [232.07702354780693, 220.65929790636793, 24.221321452623993]], "32": [-0.4790004326607643, 0.1865232605093926, 1130.4345282758513, 715.2363280180858, 2.5121160360339605, [76.52981700032736, 198.95029631519637, 155.21054299413606]], "33": [0.17788869175682875, -0.1405710678015598, 1033.7962881074147, 267.535930142953, 4.454901269084827, [58.13779499379845, 226.15850001553437, 105.53745679664718]], "34": [-0.0862279187338939, 0.33632642123244416, 1437.8772062442033, 681.6416224054564, 1.3050305871869257, [183.8091524747826, 245.69323119880127, 163.22451435193844]], "35": [-0.28700656923906853, 0.05386849766456048, 1260.6064212291265, 798.6698298486382, 4.76449774939603, [180.71432414526706, 63.63395549407187, 34.37891588350758]], "36": [-0.3075499023440166, -0.00214174560656466, 671.7139414462478, 647.1057970139641, 0.259449438419847, [190.69775228770882, 62.52113902466184, 125.58659850851744]], "37": [0.17596311349253557, -0.2585845872465309, 859.8918271464913, 47.583003968223814, 4.675738758089757, [38.57134589397285, 38.18068199530362, 166.08750746769948]], "38": [0.047920864396797436, -0.18451728627949726, 390.54048232332553, 628.8999218274184, 0.4574741827538015, [88.15026126076168, 169.87341801103523, 14.389400918867189]], "39": [0.4719207520917317, 0.3581007603894468, 199.01752406310214, 98.00377547239182, 0.9593548664816537, [73.39638720745869, 4.206212361258143, 100.65045351044229]], "40": [0.41390028169331317, -0.4063831611641998, 808.1914984811885, 43.65647115019469, 1.6588127550800884, [214.87985847292754, 80.18796528740778, 6.171537317485586]], "41": [0.25213870555223317, 0.04665317686784243, 680.9114114027307, 88.3813319264437, 0.038517108012756096, [173.93759831049186, 106.86762400587594, 45.87348715906355]], "42": [-0.15674874550952744, 0.45105421300046267, 1100.8139602915764, 701.8057815548821, 1.7961665481571925, [4.264264428874332, 234.01211929753916, 203.57621049511548]], "43": [0.47167860601337874, -0.10741581002937484, 1304.487264382785, 52.7431764149175, 0.6593562754484061, [46.9372278071095, 46.95105753448491, 153.06573535885997]], "44": [-0.0007975712648625732, -0.0476374501378507, 695.9578171091142, 593.9030642429502, 3.602504952094497, [186.2263302029115, 86.29417305950756, 19.101775351087834]], "45": [0.3237425476080351, 0.3856518108331227, 962.7513224121002, 715.2895343595246, 1.9962742365776815, [207.42437632914942, 62.349903557592874, 84.77156737829358]], "46": [-0.28969527679848117, 0.31989025353655876, 835.040495074858, 182.89230032432496, 0.15203113486319364, [81.73019272650033, 135.3482588837702, 51.748691337332474]],