{"0": [0.07270186271863877, 0.4788647589668298, 913.2890696592774, 92.85618065540157, 3.821885199987652, [114.14290972189568, 12.207089550284799, 30.41990108014128]], "1": [-0.27361912656292875, -0.3801724925076858, 1231.5320782493905, 679.8987042365815, 0.8767284814814263, [188.58371333421468, 140.82440443913916, 31.97642280663139]], "2": [0.31700382114155556, 0.4385606048553209, 1333.682641941987, 513.8585412945802, 4.035093153579278, [243.7370895011602, 88.10042109111313, 35.19470741720954]], "3": [-0.10803377309941042, -0.3767816032670116, 1266.3178242746997, 186.50268343998704, 1.7049308674299817, [202.93356825852445, 18.957836276754648, 120.55865711163015]], "4": [-0.04035843418232288, -0.059075319608237864, 932.4446856445869, 434.9155974744426, 1.5266066219042145, [45.08567620063629, 101.05559712470942, 145.40307556618205]], "5": [0.07521879386479335, -0.19886490749092223, 1240.3779845284594, 731.5776549710517, 1.8899088065655851, [142.58824430095004, 96.5291919533635, 42.50268655607378]], "6": [0.3174490163901842, -0.01977337114192268, 830.3786711219193, 70.80132866054845, 0.388723705876185, [9.39714315320946, 93.6434435492794, 188.34509499539237]], "7": [0.1367172439579215, -0.2078390661997963, 443.0931297219422, 241.3665189302117, 4.084088692334779, [151.55920996863904, 52.69132548716176, 142.75867857740107]], "8": [-0.00604782819513261, -0.45051908933776386, 554.1807279765982, 46.35651160916172, 1.8458395470298021, [23.341738796284293, 163.06596014326803, 198.75394064402337]], "9": [0.40822897705300687, -0.1567673579831813, 1358.1590844845177, 648.866132158242, 3.7817973735867967, [143.7442922303747, 90.76242523674148, 165.63190695450606]], "10": [0.026897031973228125, 0.20058688973249073, 1123.5771988112087, 304.1341901229151, 3.7054028097454106, [196.45166271120897, 149.53982705151222, 154.50507614242676]], "11": [-0.09024012736239484, 0.3951049509528587, 236.24635457688478, 166.25088969533826, 3.4590414806531626, [89.13576753160386, 33.851084215058606, 136.14978261658868]], "12": [0.2852681380961707, 0.45295196423174433, 665.0123705373081, 688.9874836971871, 4.851257025689185, [112.13199070764402, 29.14808526951531, 110.92129667135436]], "13": [-0.3613276286518856, 0.473326100561837, 108.76209467435376, 585.8808919837062, 4.43130712743425, [42.758174984369404, 109.51107608867223, 118.6645597234845]], "14": [0.0997495162292259, -0.03622571974999145, 268.07034211013047, 305.3012840121896, 1.6634476107395957, [11.71513836901768, 128.9323540895593, 113.40858796287722]], "15": [-0.14608468538530472, 0.35793793782817795, 57.623254650983625, 228.50462381890918, 2.788579506837382, [79.45099371362407, 175.00328062920656, 168.87992669623412]], "16": [0.3634473316863016, 0.05761016577536071, 435.9548016865107, 611.1362836596119, 1.4758469667406988, [142.13376982444498, 228.16527135244627, 5.27790902563299]], "17": [0.21515984828702173, -0.09568340288002719, 1185.9861533231474, 376.69778428259707, 0.6161959408073236, [45.29626312181223, 178.42735247372164, 127.25063977072752]], "18": [-0.23464608459175584, -0.26475153359180414, 356.64902698948845, 622.591521720009, 4.708748992403688, [243.92662849679255, 171.36541704394284, 243.86894626664306]], "19": [0.44670249071467294, 0.02375938610222783, 77.47618129178716, 779.0890892326979, 3.7008622812800414, [23.995139800550966, 9.362566864559916, 91.57963901081796]], "20": [-0.06783213907936714, 0.005432797552909152, 1142.2931104809227, 737.4405722039155, 2.108550561837252, [126.45501567319639, 17.32004898215253, 179.32316643790057]], "21": [-0.419601047699122, 0.23593095929821872, 373.2010254235854, 372.6510830330561, 0.168740562019547, [250.93643610314805, 97.95375133391384, 212.04245978366387]], "22": [0.381818420954833, 0.30622260884892194, 753.4972014352544, 128.228898507811, 4.346125794228293, [162.3115747691976, 120.41423035746261, 15.185692906837192]], "23": [0.025604875477048927, -0.4323674317586913, 982.2903545521715, 568.3054934188575, 3.536778108559236, [99.47155734626236, 129.61526731496468, 193.81986001489298]], "24": [-0.45973544344250583, -0.37902826702254544, 260.3811396725397, 425.94799414727305, 1.0846381995821224, [78.5628389225695, 148.88976335439304, 117.93893890582038]], "25": [0.0701249666569177, -0.4149713120318631, 850.2353009054855, 318.4594680082461, 1.4422523697706495, [42.0746407598574, 91.79732373374632, 91.92616476473525]], "26": [-0.30031627519557846, 0.029280112943610104, 35.35867025231043, 325.79088787980874, 0.3897163893636596, [177.35028438606616, 254.7675948311147, 178.9299757757688]]}