{"0": [0.3792731316445034, 0.30419152260047133, 188.7196593101525, 179.31397626909904, 1.4992397259400096, [118.93272115094791, 158.83501304735387, 119.8392759100627]], "1": [0.14207071096999013, -0.29581055693352354, 660.1618386912097, 53.64177127443979, 1.2054525604930844, [9.633921927127327, 239.4881256934912, 9.84686005591386]], "2": [0.03246098949776244, 0.35017195680991764, 1355.087101800955, 32.19501130855163, 3.9429877948223013, [213.4672770086253, 20.822004733278554, 241.99383627470732]], "3": [0.2989554041815812, -0.05823269169054979, 375.84228483844004, 426.4761767760046, 0.9817985755308939, [45.52832111580418, 16.35632710307095, 186.78596160244675]], "4": [-0.13577961702079955, -0.06976701254354045, 1054.4602917580985, 624.6743752091285, 0.7482394658382291, [53.47439542270184, 254.85362661156438, 114.97464728915384]], "5": [-0.15987982111826915, 0.4630561409322992, 327.62097825141063, 138.61478071721206, 1.872734527266764, [251.7758187910177, 157.42134654659566, 249.92072833606375]], "6": [0.4132523248718465, -0.01701233937055835, 247.21090567369893, 479.8518882097879, 2.686211497827547, [251.21324604744683, 114.46213068241141, 242.40323631588848]], "7": [0.46100807462089965, 0.09542532348441646, 489.3434003517997, 645.8712051775005, 1.3719796907752264, [23.886841887281335, 213.6730839655233, 151.31523339150644]], "8": [-0.14391954216610547, -0.4572698714806115, 1311.913856820141, 547.8659988869434, 1.1773485760261622, [234.81251777918354, 188.60817936067278, 65.12284552910712]], "9": [0.3123229621141951, 0.4285352157945779, 1413.2533584634912, 351.15942492577653, 1.653927228198067, [109.0646148146326, 104.98930367189597, 167.43984065070447]], "10": [-0.3074933793911706, 0.06005834612604999, 304.43883410269416, 759.7275505967724, 3.7379026207735673, [143.28894828232745, 3.150983118760516, 15.484214962025984]], "11": [-0.43149461918413246, -0.31981989963344815, 739.2042531548476, 408.1888104733609, 4.921287259043794, [184.0998397540015, 4.774040339267615, 117.74207912486379]], "12": [-0.20126551032431395, -0.40134918371021766, 1020.9585092906818, 554.4776305112815, 0.1890982605388286, [154.28249456975473, 23.02461907419632, 252.34423978249035]], "13": [-0.2825190504877777, -0.30251070719178585, 808.6791495678567, 339.6004989281969, 3.5175186152245823, [117.6819773509822, 228.46514931148772, 104.51133975011473]], "14": [0.3215088587012347, -0.08161147654668566, 1088.2554408598755, 276.27698455508664, 2.8563523854008874, [48.02564414344745, 65.82514463757084, 53.19782404748487]], "15": [-0.18051827167925838, 0.16462390276487504, 85.65445087665711, 782.4160117500386, 2.943275894874195, [108.08234388983374, 141.93998582760676, 128.54485592775788]], "16": [-0.2793899187704737, 0.44354050881617013, 1200.5440900526337, 245.60967445865057, 2.0542537823866756, [152.17854913204835, 48.57402615125405, 105.12599877648728]], "17": [-0.13069546624881934, 0.11836970030740757, 545.3748877184096, 417.3480457732544, 3.1254588259936638, [104.1046579551585, 34.243703235881384, 71.70386789955914]], "18": [0.2130054051166298, -0.29136339368265285, 596.3371722502463, 66.45124011105246, 2.9186398090028436, [253.95760050529293, 202.46198839792237, 22.446919026250804]], "19": [-0.21771373645734537, -0.22351169163979578, 1073.504370447286, 61.81066901434926, 4.0826009053484915, [135.8600872120833, 101.4047819434494, 206.37061624949976]], "20": [-0.12047004899135494, 0.02480115475150313, 1183.950419846662, 426.89759281951166, 3.7987813526581284, [77.0845924341283, 105.29414949080571, 167.3924690431161]], "21": [0.14269517976768398, 0.029124437298976513, 597.4401232147428, 637.3094383409843, 2.3012203026582805, [6.933923558234535, 119.01088380630112, 227.28346918464544]], "22": [0.4165281634566915, -0.06366139026577367, 639.8275962095285, 436.2994726249717, 3.711623408874429, [94.59286021955832, 188.47519940526897, 202.64630480018394]], "23": [-0.38867717443904526, 0.16060304579375584, 571.2748968531178, 630.3529720592072, 2.941075902541748, [32.21917581295288, 60.058362201102796, 46.975838765001654]], "24": [0.12189592174954056, 0.3642952133170665, 735.5013203591625, 66.20550676876435, 0.008625668669355324, [249.26148789227352, 75.81974704383923, 150.87679464077246]], "25": [-0.16814110949892158, -0.42255038245700016, 808.494160639074, 571.2178040138152, 2.209086562782232, [174.9481400154929, 151.08775617267398, 80.58248629543122]], "26": [0.4496456089168175, -0.43001054810295114, 116.95716364519245, 715.6744958266744, 3.108951684551566, [137.19203651382597, 243.87385949061593, 36.22873728733603]]}