{"0": [0.4191191061714884, 0.2961865222331391, 1250.7599814964553, 715.207723875522, 2.3573868567135463, [204.19670839768446, 184.5976249403368, 78.067949193587]], "1": [0.23131807485596545, 0.4059232963782836, 422.69984532009966, 626.8108710743736, 0.536157600865701, [226.80905235478258, 44.98556476242795, 208.52643903371515]], "2": [0.25200526287587777, 0.31886793653727796, 39.01943421801185, 631.773459304217, 1.9133805737762721, [236.9155226136456, 177.10114798593972, 107.51221532502532]], "3": [-0.4737962014771856, -0.4157131564773143, 859.6917325604129, 211.44704898465454, 4.932449120017139, [60.79824868115704, 241.40237491160588, 224.8251460872495]], "4": [-0.15202123978488258, 0.47352491826016563, 73.88536130902752, 671.1961325498596, 0.2298400673300599, [178.37220047061078, 67.42352970596897, 37.71049620186267]], "5": [-0.10521061283621913, 0.3413039507425982, 170.6248736496211, 697.6170627058323, 4.452494444254126, [47.465356988410065, 120.93201731564609, 165.93777455011366]], "6": [-0.26678605467855043, -0.3203826198199782, 69.95136866808197, 567.8938375262192, 3.6762196530109366, [100.11483438896052, 155.2270160516238, 22.06869467051037]], "7": [0.30021247630905423, 0.3672847304270306, 124.65600206059827, 223.44465234057918, 0.9078903643968844, [217.16209946972882, 225.49246873104855, 129.4264419421829]], "8": [0.4905906643424218, -0.18851906919101447, 1002.5124886605793, 721.9985542184513, 2.9303933494703, [92.81536858786126, 225.5921752027432, 163.52184508336245]], "9": [-0.4975085643432444, 0.18574194057782034, 626.5337150182353, 6.705873840197185, 2.648703127708063, [19.103434077985117, 129.53427772184503, 17.001269569371665]], "10": [-0.48040079429609994, 0.2928442741888502, 1210.1273952386373, 535.4891782217405, 1.2290068037046253, [87.79914813777606, 80.25418325541432, 6.9006019062910635]], "11": [0.11784133432192323, 0.09429878735073038, 64.91625309277396, 626.829433051053, 0.8025606207359143, [50.639130550584206, 144.62308770061392, 6.931741563806406]], "12": [-0.4097689272993269, 0.005730389822642845, 292.95824242200706, 772.0003904052951, 1.7157136848290415, [166.76612038490137, 106.87015951975808, 218.05773008256702]], "13": [-0.16716339194838803, -0.2126299893257586, 571.7078394848556, 477.49804061352626, 3.991277137660168, [240.52471008528806, 85.2914099904244, 31.498136256511632]], "14": [0.19974954722972693, 0.2344317407424209, 131.15626397618178, 750.9615742053543, 2.0439490650405014, [252.187651692115, 245.33723916018243, 11.436144406263336]], "15": [-0.455379832842015, -0.10634537169342595, 758.311839400495, 643.7302157411877, 2.282663310909573, [182.93177637695914, 33.76017339147148, 127.05551856551577]], "16": [0.472175484493883, -0.1892349544784685, 1185.7534646578492, 520.9294418205037, 3.166986584654527, [19.73436864777715, 42.04203933629153, 48.085398795294374]], "17": [0.403833497028127, 0.043284635197105015, 919.8338126801564, 787.1288215553586, 4.072933966325147, [196.11095245182295, 216.978534261295, 14.228740979123627]], "18": [-0.4165339238382747, -0.4452450462140073, 880.1874882495769, 481.3135187424051, 0.9625492720063095, [215.27078767289908, 217.75109347258908, 61.5909545677066]], "19": [0.18420436640699922, 0.0694867235322566, 222.74250307074675, 162.24582412354974, 4.278741069232354, [107.78626325515228, 175.95142905188536, 108.78271343407975]], "20": [0.011425109794751642, -0.23984468180823337, 106.73080459313412, 138.32141910522395, 4.203185804139189, [3.032920543236437, 114.72389943647187, 169.66679574112194]], "21": [-0.20293361317390657, -0.3444682431821464, 81.16016957077562, 541.3371345295888, 0.40709054139559053, [128.0743002394879, 62.840333656399494, 158.48320215363304]], "22": [0.283852694401857, 0.44022944718970747, 81.53016905856234, 34.06986218902475, 0.473445856663382, [55.36088113587928, 104.30936545309297, 155.2565034866148]], "23": [-0.4864155671256428, -0.09133976870056304, 966.154015521014, 752.9695504170387, 4.117333291405667, [185.57865591686866, 80.0962800000039, 86.03909735139123]], "24": [-0.09879550169273066, 0.42119634888018587, 169.6113044829414, 443.9587602983617, 0.7769341905627042, [163.31878694129801, 105.50706618280503, 146.46424233369936]], "25": [-0.1122069770892975, 0.14289541185561816, 1420.3177807215595, 624.0681539374701, 0.6222107297528756, [133.40641167178063, 182.01227995891736, 182.1108095506313]], "26": [0.1985332216599497, 0.380545457786036, 811.6652718857617, 659.8305015612743, 2.87071832360078, [39.26600138321716, 197.98814291761448, 121.67257500275322]]}