{"0": [-0.3067700705388222, -0.28361815453768136, 967.0900563576309, 217.50931741921374, 0.6085459017823186, [179.60633148999847, 151.22977058505495, 4.577728148525518]], "1": [0.09459050048374151, -0.3857979515907304, 204.87935174657667, 664.4612114080171, 1.0534557872860946, [53.35554199063638, 24.737400048226807, 208.48791019884945]], "2": [-0.386730454353717, -0.49526359686120525, 1229.916148337873, 591.1926541040614, 2.9215513532507655, [189.1902338327648, 19.029373871064568, 56.114488209748146]], "3": [0.15389656556514686, -0.3714408437362928, 1259.2305204405084, 713.7144036599374, 3.1584922777149305, [227.81251363839968, 246.26853455085816, 79.78935242804455]], "4": [0.09339699729355255, 0.201964663723893, 1085.255278239805, 317.80725950651504, 3.293363329653901, [29.720351724916984, 53.70156858994588, 20.44121467052479]], "5": [-0.478678374524356, -0.16433228846899683, 489.70038792563497, 473.6342916222478, 2.305536711761556, [42.80385757445598, 240.22876848111977, 195.31905108222554]], "6": [0.2826353655382998, 0.07684402448116578, 740.378198798475, 789.5642238810956, 3.5298713764436935, [29.390088906547774, 71.63963848932767, 226.5375340005668]], "7": [0.26832538194033595, 0.23680914675646259, 349.67932876007427, 617.2531405170523, 0.35811313295288916, [248.03579552477072, 88.53191166028468, 238.54074694708055]], "8": [-0.16474035404390108, -0.18647739433950783, 273.47947283202393, 745.2323696723902, 4.249109958778268, [218.5478985470994, 62.96088316273541, 115.59171333697951]], "9": [-0.3915282147823006, -0.31408759956513277, 165.10942980596127, 521.7577271705801, 3.901432865033563, [43.995044134942965, 230.8851054517759, 236.0450488593014]], "10": [0.27314401912426745, -0.38163551225121906, 292.941452156928, 400.8658534107234, 3.4462719815829015, [178.43757826787956, 228.84489991244112, 136.18382722583752]], "11": [-0.04461866958166083, 0.25431076760085536, 1182.803770049344, 347.3550586271987, 2.208104075156098, [48.47377433827029, 177.93681335190487, 248.02006673248292]], "12": [-0.052849068699734714, 0.3388817200830049, 103.12356002809865, 521.9676195583328, 1.7416095671381076, [215.73901409414356, 150.99551135196674, 223.13525598943502]], "13": [0.08851090508333559, 0.46331395718655666, 739.4825148573317, 489.0502653252245, 3.3508496800182126, [128.98862275641332, 171.54301377912043, 61.041863577241095]], "14": [-0.09348570356589492, 0.34312722433135945, 326.08613134102467, 115.06756961842059, 3.0726544897642776, [76.90976495755628, 185.76188434011382, 58.368203112513385]], "15": [0.4069217594002532, 0.04953323975568269, 70.72510315549562, 276.15358524413995, 1.161348323946867, [76.31733091268535, 152.93110409563158, 37.688551382342276]], "16": [0.09751816509085387, -0.28787400122162965, 856.8899381011433, 445.47722621817707, 4.3368464540799545, [97.15226854422941, 124.45144401359528, 59.503613943842396]], "17": [-0.1471632196537651, 0.10186093482249192, 125.24848502785059, 70.13134340433673, 1.2702709575209337, [147.0776359013953, 86.13615715698214, 122.47045445553013]], "18": [0.3984541877129527, -0.2688420081049826, 247.58519574100387, 551.3746606249405, 0.6436833895397281, [222.8255222155326, 85.99360732291461, 63.67186241822327]], "19": [0.18641523810084804, 0.41034527080951433, 671.0727206570508, 774.5048956488268, 1.8296093855648303, [161.12258163737164, 209.7875888211866, 219.27369594169758]], "20": [0.18711015642595186, -0.19925305917388958, 490.451343637738, 80.89780314289072, 3.501569505537097, [144.55932539601017, 29.427931934121094, 23.86453627657097]], "21": [0.2736705790542149, -0.01743874260108713, 420.40383021017334, 443.93928229701896, 3.0365702345404233, [47.340962724409046, 30.261454946871858, 22.639768205890736]], "22": [-0.4356848820636735, -0.035516581152533866, 709.4979882812187, 199.4934334070071, 2.4787754003647438, [247.39275607471032, 125.69327158256277, 2.3613921316682127]], "23": [-0.20964325848750553, 0.2789482034302625, 619.7484595310008, 623.5384039867344, 0.10269365271454778, [169.70631441691648, 253.8516303920189, 251.79668770675704]], "24": [-0.4393149296385449, -0.2824987923358001, 158.04068276566116, 272.5395779741022, 3.0863725948919103, [3.377520896956678, 51.536031943979964, 172.63095825420194]], "25": [0.14511974399091454, 0.4930367431711722, 808.216991319808, 782.4674178829251, 1.2887435701233412, [46.8290480717973, 224.01196510197005, 97.10829929607134]], "26": [0.09318816091985793, -0.028200940911297323, 822.5712925364762, 517.3856642098739, 4.380716469379701, [191.98213366222672, 178.55715082049394, 79.6173479258101]]}