{"0": [-0.4957040314286403, 0.2807976161455057, 659.3413915346712, 281.326698813421, 2.191924115143706, [195.12712323498332, 242.61873100183413, 42.11126407191993]], "1": [0.0029361821476242556, -0.334275560951808, 1368.0338393150364, 404.6891234263026, 1.5521727750416936, [37.025675106415655, 49.430105566171996, 212.98906651890212]], "2": [-0.24011021813250055, 0.06312996005769522, 1053.917674762364, 95.18020733166894, 1.4485189779765806, [245.40154605428972, 214.34452993616136, 169.40502285073293]], "3": [0.45801232226840105, -0.34452356062309475, 933.8210799209085, 374.48991417626934, 0.9008078586579932, [125.32708657873825, 41.880320112373944, 113.77704291270872]], "4": [0.4449899448893756, -0.32480103732270993, 144.2282524434788, 86.35992127241269, 1.7193644833338095, [247.43570636089657, 225.3937370769998, 13.703146862768174]], "5": [0.4590661745051382, 0.22502418333104424, 750.8921415575369, 110.96147282865073, 3.5538643552613927, [177.26669915679685, 37.427579383114704, 83.72937143412723]], "6": [-0.0015039628109762004, 0.32795665770278504, 572.4319528272013, 786.5875729674885, 4.1883878750072645, [217.82005031825386, 187.55314585899896, 236.56484856882003]], "7": [-0.16291974458895764, -0.2411332449998066, 758.302631882816, 277.8673792604298, 4.50333965980085, [109.60681137969436, 20.66566831259934, 98.73714438033012]], "8": [-0.120484544269019, -0.48154036419673385, 319.9479386732505, 184.86312506970614, 0.9843273822584142, [245.51773561337316, 95.64291120107812, 220.50999314347152]], "9": [0.3773879408372016, 0.37884213365025843, 642.8955921865353, 506.18842929453757, 0.2324818667739309, [219.96795403101, 202.76945094149391, 98.95441913388237]], "10": [0.43982689852430756, -0.2013319998900751, 481.78005561994803, 244.31890250338907, 1.0186160407353166, [98.6130715037583, 163.46633819321772, 70.32937654854913]], "11": [-0.4526281127367612, -0.3581666744605092, 1282.9863587087937, 507.93286914278957, 2.9741765820942403, [210.62595439753042, 183.18152144580654, 21.952679618821794]], "12": [0.41397801802167, -0.15549518136989504, 847.9949454547952, 596.4361380599998, 0.8229927681076221, [92.03054401615826, 57.15609577552546, 29.682980924767726]], "13": [0.026805022516877886, 0.45926751412941647, 1365.67322718344, 324.6152957334421, 0.48984279677222853, [178.76905849479576, 68.56203652080889, 194.3786009082016]], "14": [-0.4699934841401099, 0.06631323678306045, 634.3900188561511, 548.1942057890326, 0.1310050919853284, [144.60124500271206, 53.59792143740124, 227.68596350789375]], "15": [-0.33914221592074134, 0.23246386233930572, 605.1068419006024, 523.3924188350871, 4.207810349350856, [149.49170332836937, 146.46234977797064, 103.87285230808723]], "16": [-0.2839647319766252, -0.0831211327947885, 1192.12629319208, 141.39346551873774, 1.8121798634355262, [238.2370972737022, 47.19507519086525, 157.53644763698657]], "17": [0.07906673008484377, -0.4887189857749823, 1140.877980206408, 394.7303262648188, 2.474317604871721, [134.2021739734649, 127.65651959226872, 135.1155289651128]], "18": [0.09371735028056638, -0.10778002993413094, 643.9491648746495, 594.3420921038976, 2.808888003203054, [188.5832166628999, 144.42371426961114, 241.83430120085376]], "19": [0.16312835725838315, -0.46104480267792813, 496.3235275627424, 515.2850963531072, 3.742237719724631, [203.86531936113627, 199.32332460055304, 185.52858847771046]], "20": [-0.18983942248653096, 0.04455366295875274, 442.42753640388185, 179.94234298063222, 2.679094805200612, [120.25665567842813, 63.33444350063048, 134.20533308601873]], "21": [-0.3521164077891501, -0.34376168410387176, 457.6321777936706, 269.1071530103294, 1.8078602614235066, [103.8054848514886, 133.38418438431776, 160.0014817773943]], "22": [-0.1356065905324485, -0.21801288035747834, 874.4265839842064, 575.5959999983122, 0.7510433105470116, [54.59669718680765, 66.30822939254098, 210.50286271210976]], "23": [-0.3768755937807132, -0.44745526497514343, 507.7083529758875, 433.18992686637773, 2.0224169690485545, [64.82313855029898, 187.1614187800023, 224.40775384182038]], "24": [0.1796845860370856, -0.2309306629662844, 172.1578077845404, 265.2350887400269, 0.751355448388959, [130.95928893945992, 217.19704624159317, 65.2702491368861]], "25": [-0.2092771884232274, 0.22048445284825058, 1117.4919018473208, 80.38495558596681, 1.2582669863246458, [191.69219680981107, 139.01058767109254, 171.76644555628718]], "26": [0.06873576283042038, -0.18920388280593647, 78.07342316281228, 351.74896706321806, 0.3574140281581023, [162.5045645295192, 28.00701836550085, 79.77553154229626]], "27": [-0.013789702358377953, 0.3652273797557245, 956.4440848643785, 765.1887547097583, 1.7267233406444649, [137.19332307021614, 45.67649522533506, 89.3553036660729]], "28": [0.40177976182491404, 0.1720614840386312, 341.3360565956957, 297.36883190380723, 0.23466993718077866, [17.248407712384637, 23.112257662085366, 151.3797584623929]], "29": [0.3899887632641649, -0.10779834221701146, 1437.2351016206649, 324.31404042863045, 3.0104751639226346, [101.83769888203474, 249.36708148345042, 121.27721391945555]], "30": [0.33168568613034044, 0.22050590597190667, 821.9322412991678, 624.1053396329764, 3.0715352685528323, [132.1354259119761, 87.3277569328439, 193.7987659756141]], "31": [-0.4917044671330858, -0.3315222452429315, 1363.1483335957762, 201.4512078608308, 0.07224188021258571, [188.53672745567272, 114.53523713881957, 98.40745076163586]], "32": [0.21666203984866017, -0.19435412879336755, 9.618203304198776, 323.43236382205845, 1.101412042176082, [76.72827938419115, 63.1904724753661, 150.6019467518819]], "33": [0.1557702857231098, -0.4130995424100825, 821.9347633358003, 591.9044592887885, 2.9242670053629114, [85.7960099642921, 251.17422610373538, 87.87937065945192]], "34": [-0.3157440591343883, -0.03676447358415125, 137.92571919689584, 176.58076731564307, 4.4663037574539475, [62.421517424420074, 234.44922732831483, 133.5984727611994]], "35": [0.017504115284779687, 0.47169696546758133, 355.6791097988323, 639.1509252653009, 3.6730031307476514, [174.9175694393328, 170.0362713757529, 210.18644190165045]], "36": [0.3316566463903531, -0.02895726854827907, 1209.2462147918168, 587.3446054784655, 4.732916263887631, [147.9253146330026, 28.354924215577466, 208.60123723806686]], "37": [0.42093419768940554, 0.27856994767751053, 736.7703525607726, 14.460060246141904, 4.350651443960933, [46.31766627724132, 189.10781142506687, 184.49101366505806]], "38": [0.05182886135378206, 0.2970130330483345, 121.55581119671693, 34.2024976391464, 1.4375249740244267, [165.0117922527647, 6.789236873718386, 73.70773817816249]], "39": [0.20400537493266457, 0.49412317378826454, 72.08914293267378, 712.0294490594949, 4.6081556221874145, [225.30037705297855, 58.651068281090076, 26.494950202287292]], "40": [0.3919981446230304, 0.44519039566613416, 555.2374433935363, 664.5719614237773, 3.4895408644298382, [127.2080933125505, 26.804382004836075, 195.08034609436743]], "41": [0.3143378659727254, -0.11011713220822061, 438.2753295450888, 288.65151703536736, 1.245946749564903, [207.07962860379305, 205.07596999561648, 97.78432218372078]], "42": [-0.4444144545002753, -0.27736990529339345, 137.80045772606005, 192.98486470323047, 3.0267763145951676, [87.56375912098859, 105.51486941165999, 93.97682062236485]], "43": [-0.35244205678943585, -0.2788443407026868, 478.47339557065294, 243.96589684870503, 3.6592333026617316, [97.4304328273263, 119.26854695477108, 43.55108158494718]], "44": [0.36323037790813695, -0.21867322819642054, 1080.3355374089667, 609.5098281411995, 2.2689014989968177, [194.65567901779477, 208.8117246832834, 132.26123422859303]], "45": [0.4394058634343926, 0.12591406247279147, 784.0432845256773, 369.4226769872782, 2.497169119782882, [208.6016841365642, 185.56009558574075, 9.373238900064026]], "46": [-0.3275717053640219, 0.187410609069521, 1219.6887308234204, 315.60678321462115, 4.70953650802666, [171.02861764639314, 6.315063442175324, 67.18231595079676]],